source_frame,source_cell,target_frame,target_cell,label
1,1,2,1,1
1,1,2,2,0
1,1,2,3,0
1,1,2,4,0
1,1,2,5,0
1,1,2,6,0
1,2,2,1,0
1,2,2,2,1
1,2,2,3,0
1,2,2,4,0
1,2,2,5,0
1,2,2,6,0
1,3,2,1,0
1,3,2,2,0
1,3,2,3,1
1,3,2,4,0
1,3,2,5,0
1,3,2,6,0
1,4,2,1,0
1,4,2,2,0
1,4,2,3,0
1,4,2,4,1
1,4,2,5,0
1,4,2,6,0
1,5,2,1,0
1,5,2,2,0
1,5,2,3,0
1,5,2,4,0
1,5,2,5,1
1,5,2,6,0
1,6,2,1,0
1,6,2,2,0
1,6,2,3,0
1,6,2,4,0
1,6,2,5,0
1,6,2,6,1
2,1,3,1,1
2,1,3,2,0
2,1,3,3,0
2,1,3,4,0
2,1,3,5,0
2,1,3,6,0
2,2,3,1,0
2,2,3,2,1
2,2,3,3,0
2,2,3,4,0
2,2,3,5,0
2,2,3,6,0
2,3,3,1,0
2,3,3,2,0
2,3,3,3,1
2,3,3,4,0
2,3,3,5,0
2,3,3,6,0
2,4,3,1,0
2,4,3,2,0
2,4,3,3,0
2,4,3,4,1
2,4,3,5,0
2,4,3,6,0
2,5,3,1,0
2,5,3,2,0
2,5,3,3,0
2,5,3,4,0
2,5,3,5,1
2,5,3,6,0
2,6,3,1,0
2,6,3,2,0
2,6,3,3,0
2,6,3,4,0
2,6,3,5,0
2,6,3,6,1
3,1,4,1,1
3,1,4,2,0
3,1,4,3,0
3,1,4,4,0
3,1,4,5,0
3,1,4,6,0
3,2,4,1,0
3,2,4,2,1
3,2,4,3,0
3,2,4,4,0
3,2,4,5,0
3,2,4,6,0
3,3,4,1,0
3,3,4,2,0
3,3,4,3,1
3,3,4,4,0
3,3,4,5,0
3,3,4,6,0
3,4,4,1,0
3,4,4,2,0
3,4,4,3,0
3,4,4,4,1
3,4,4,5,0
3,4,4,6,0
3,5,4,1,0
3,5,4,2,0
3,5,4,3,0
3,5,4,4,0
3,5,4,5,1
3,5,4,6,0
3,6,4,1,0
3,6,4,2,0
3,6,4,3,0
3,6,4,4,0
3,6,4,5,0
3,6,4,6,1
4,1,5,1,1
4,1,5,2,0
4,1,5,3,0
4,1,5,4,0
4,1,5,5,0
4,1,5,6,0
4,2,5,1,0
4,2,5,2,1
4,2,5,3,0
4,2,5,4,0
4,2,5,5,0
4,2,5,6,0
4,3,5,1,0
4,3,5,2,0
4,3,5,3,1
4,3,5,4,0
4,3,5,5,0
4,3,5,6,0
4,4,5,1,0
4,4,5,2,0
4,4,5,3,0
4,4,5,4,1
4,4,5,5,0
4,4,5,6,0
4,5,5,1,0
4,5,5,2,0
4,5,5,3,0
4,5,5,4,0
4,5,5,5,1
4,5,5,6,0
4,6,5,1,0
4,6,5,2,0
4,6,5,3,0
4,6,5,4,0
4,6,5,5,0
4,6,5,6,1
5,1,6,1,1
5,1,6,2,0
5,1,6,3,0
5,1,6,4,0
5,1,6,5,0
5,1,6,6,0
5,2,6,1,0
5,2,6,2,1
5,2,6,3,0
5,2,6,4,0
5,2,6,5,0
5,2,6,6,0
5,3,6,1,0
5,3,6,2,0
5,3,6,3,1
5,3,6,4,0
5,3,6,5,0
5,3,6,6,0
5,4,6,1,0
5,4,6,2,0
5,4,6,3,0
5,4,6,4,1
5,4,6,5,0
5,4,6,6,0
5,5,6,1,0
5,5,6,2,0
5,5,6,3,0
5,5,6,4,0
5,5,6,5,1
5,5,6,6,0
5,6,6,1,0
5,6,6,2,0
5,6,6,3,0
5,6,6,4,0
5,6,6,5,0
5,6,6,6,1
6,1,7,1,1
6,1,7,2,0
6,1,7,3,0
6,1,7,4,0
6,1,7,5,0
6,1,7,6,0
6,2,7,1,0
6,2,7,2,1
6,2,7,3,0
6,2,7,4,0
6,2,7,5,0
6,2,7,6,0
6,3,7,1,0
6,3,7,2,0
6,3,7,3,1
6,3,7,4,0
6,3,7,5,0
6,3,7,6,0
6,4,7,1,0
6,4,7,2,0
6,4,7,3,0
6,4,7,4,1
6,4,7,5,0
6,4,7,6,0
6,5,7,1,0
6,5,7,2,0
6,5,7,3,0
6,5,7,4,0
6,5,7,5,1
6,5,7,6,0
6,6,7,1,0
6,6,7,2,0
6,6,7,3,0
6,6,7,4,0
6,6,7,5,0
6,6,7,6,1
7,1,8,1,1
7,1,8,2,0
7,1,8,3,0
7,1,8,4,0
7,1,8,5,0
7,1,8,6,0
7,2,8,1,0
7,2,8,2,1
7,2,8,3,0
7,2,8,4,0
7,2,8,5,0
7,2,8,6,0
7,3,8,1,0
7,3,8,2,0
7,3,8,3,1
7,3,8,4,0
7,3,8,5,0
7,3,8,6,0
7,4,8,1,0
7,4,8,2,0
7,4,8,3,0
7,4,8,4,1
7,4,8,5,0
7,4,8,6,0
7,5,8,1,0
7,5,8,2,0
7,5,8,3,0
7,5,8,4,0
7,5,8,5,1
7,5,8,6,0
7,6,8,1,0
7,6,8,2,0
7,6,8,3,0
7,6,8,4,0
7,6,8,5,0
7,6,8,6,1
8,1,9,1,1
8,1,9,2,0
8,1,9,3,0
8,1,9,4,0
8,1,9,5,0
8,1,9,6,0
8,1,9,7,0
8,2,9,1,0
8,2,9,2,1
8,2,9,3,0
8,2,9,4,0
8,2,9,5,0
8,2,9,6,0
8,2,9,7,0
8,3,9,1,0
8,3,9,2,0
8,3,9,3,1
8,3,9,4,0
8,3,9,5,0
8,3,9,6,0
8,3,9,7,0
8,4,9,1,0
8,4,9,2,0
8,4,9,3,0
8,4,9,4,1
8,4,9,5,0
8,4,9,6,0
8,4,9,7,0
8,5,9,1,0
8,5,9,2,0
8,5,9,3,0
8,5,9,4,0
8,5,9,5,1
8,5,9,6,0
8,5,9,7,0
8,6,9,1,0
8,6,9,2,0
8,6,9,3,0
8,6,9,4,0
8,6,9,5,0
8,6,9,6,1
8,6,9,7,0
9,1,10,1,1
9,1,10,2,0
9,1,10,3,0
9,1,10,4,0
9,1,10,5,0
9,1,10,6,0
9,1,10,7,0
9,2,10,1,0
9,2,10,2,1
9,2,10,3,0
9,2,10,4,0
9,2,10,5,0
9,2,10,6,0
9,2,10,7,0
9,3,10,1,0
9,3,10,2,0
9,3,10,3,1
9,3,10,4,0
9,3,10,5,0
9,3,10,6,0
9,3,10,7,0
9,4,10,1,0
9,4,10,2,0
9,4,10,3,0
9,4,10,4,1
9,4,10,5,0
9,4,10,6,0
9,4,10,7,0
9,5,10,1,0
9,5,10,2,0
9,5,10,3,0
9,5,10,4,0
9,5,10,5,1
9,5,10,6,0
9,5,10,7,0
9,6,10,1,0
9,6,10,2,0
9,6,10,3,0
9,6,10,4,0
9,6,10,5,0
9,6,10,6,1
9,6,10,7,0
9,7,10,1,0
9,7,10,2,0
9,7,10,3,0
9,7,10,4,0
9,7,10,5,0
9,7,10,6,0
9,7,10,7,1
10,1,11,1,1
10,1,11,2,0
10,1,11,3,0
10,1,11,4,0
10,1,11,5,0
10,1,11,6,0
10,1,11,7,0
10,2,11,1,0
10,2,11,2,1
10,2,11,3,0
10,2,11,4,0
10,2,11,5,0
10,2,11,6,0
10,2,11,7,0
10,3,11,1,0
10,3,11,2,0
10,3,11,3,1
10,3,11,4,0
10,3,11,5,0
10,3,11,6,0
10,3,11,7,0
10,4,11,1,0
10,4,11,2,0
10,4,11,3,0
10,4,11,4,1
10,4,11,5,0
10,4,11,6,0
10,4,11,7,0
10,5,11,1,0
10,5,11,2,0
10,5,11,3,0
10,5,11,4,0
10,5,11,5,1
10,5,11,6,0
10,5,11,7,0
10,6,11,1,0
10,6,11,2,0
10,6,11,3,0
10,6,11,4,0
10,6,11,5,0
10,6,11,6,1
10,6,11,7,0
10,7,11,1,0
10,7,11,2,0
10,7,11,3,0
10,7,11,4,0
10,7,11,5,0
10,7,11,6,0
10,7,11,7,1
11,1,12,1,1
11,1,12,2,0
11,1,12,3,0
11,1,12,4,0
11,1,12,5,0
11,1,12,6,0
11,1,12,7,0
11,2,12,1,0
11,2,12,2,1
11,2,12,3,0
11,2,12,4,0
11,2,12,5,0
11,2,12,6,0
11,2,12,7,0
11,3,12,1,0
11,3,12,2,0
11,3,12,3,1
11,3,12,4,0
11,3,12,5,0
11,3,12,6,0
11,3,12,7,0
11,4,12,1,0
11,4,12,2,0
11,4,12,3,0
11,4,12,4,1
11,4,12,5,0
11,4,12,6,0
11,4,12,7,0
11,5,12,1,0
11,5,12,2,0
11,5,12,3,0
11,5,12,4,0
11,5,12,5,1
11,5,12,6,0
11,5,12,7,0
11,6,12,1,0
11,6,12,2,0
11,6,12,3,0
11,6,12,4,0
11,6,12,5,0
11,6,12,6,1
11,6,12,7,0
11,7,12,1,0
11,7,12,2,0
11,7,12,3,0
11,7,12,4,0
11,7,12,5,0
11,7,12,6,0
11,7,12,7,1
12,1,13,1,1
12,1,13,2,0
12,1,13,3,0
12,1,13,4,0
12,1,13,5,0
12,1,13,6,0
12,1,13,7,0
12,2,13,1,0
12,2,13,2,1
12,2,13,3,0
12,2,13,4,0
12,2,13,5,0
12,2,13,6,0
12,2,13,7,0
12,3,13,1,0
12,3,13,2,0
12,3,13,3,1
12,3,13,4,0
12,3,13,5,0
12,3,13,6,0
12,3,13,7,0
12,4,13,1,0
12,4,13,2,0
12,4,13,3,0
12,4,13,4,1
12,4,13,5,0
12,4,13,6,0
12,4,13,7,0
12,5,13,1,0
12,5,13,2,0
12,5,13,3,0
12,5,13,4,0
12,5,13,5,1
12,5,13,6,0
12,5,13,7,0
12,6,13,1,0
12,6,13,2,0
12,6,13,3,0
12,6,13,4,0
12,6,13,5,0
12,6,13,6,1
12,6,13,7,0
12,7,13,1,0
12,7,13,2,0
12,7,13,3,0
12,7,13,4,0
12,7,13,5,0
12,7,13,6,0
12,7,13,7,1
13,1,14,1,1
13,1,14,2,0
13,1,14,3,0
13,1,14,4,0
13,1,14,5,0
13,1,14,6,0
13,1,14,7,0
13,2,14,1,0
13,2,14,2,1
13,2,14,3,0
13,2,14,4,0
13,2,14,5,0
13,2,14,6,0
13,2,14,7,0
13,3,14,1,0
13,3,14,2,0
13,3,14,3,1
13,3,14,4,0
13,3,14,5,0
13,3,14,6,0
13,3,14,7,0
13,4,14,1,0
13,4,14,2,0
13,4,14,3,0
13,4,14,4,1
13,4,14,5,0
13,4,14,6,0
13,4,14,7,0
13,5,14,1,0
13,5,14,2,0
13,5,14,3,0
13,5,14,4,0
13,5,14,5,1
13,5,14,6,0
13,5,14,7,0
13,6,14,1,0
13,6,14,2,0
13,6,14,3,0
13,6,14,4,0
13,6,14,5,0
13,6,14,6,1
13,6,14,7,0
13,7,14,1,0
13,7,14,2,0
13,7,14,3,0
13,7,14,4,0
13,7,14,5,0
13,7,14,6,0
13,7,14,7,1
14,1,15,1,1
14,1,15,2,0
14,1,15,3,0
14,1,15,4,0
14,1,15,5,0
14,1,15,6,0
14,1,15,7,0
14,2,15,1,0
14,2,15,2,1
14,2,15,3,0
14,2,15,4,0
14,2,15,5,0
14,2,15,6,0
14,2,15,7,0
14,3,15,1,0
14,3,15,2,0
14,3,15,3,1
14,3,15,4,0
14,3,15,5,0
14,3,15,6,0
14,3,15,7,0
14,4,15,1,0
14,4,15,2,0
14,4,15,3,0
14,4,15,4,1
14,4,15,5,0
14,4,15,6,0
14,4,15,7,0
14,5,15,1,0
14,5,15,2,0
14,5,15,3,0
14,5,15,4,0
14,5,15,5,1
14,5,15,6,0
14,5,15,7,0
14,6,15,1,0
14,6,15,2,0
14,6,15,3,0
14,6,15,4,0
14,6,15,5,0
14,6,15,6,1
14,6,15,7,0
14,7,15,1,0
14,7,15,2,0
14,7,15,3,0
14,7,15,4,0
14,7,15,5,0
14,7,15,6,0
14,7,15,7,1
15,1,16,1,1
15,1,16,2,0
15,1,16,3,0
15,1,16,4,0
15,1,16,5,0
15,1,16,6,0
15,1,16,7,0
15,2,16,1,0
15,2,16,2,1
15,2,16,3,0
15,2,16,4,0
15,2,16,5,0
15,2,16,6,0
15,2,16,7,0
15,3,16,1,0
15,3,16,2,0
15,3,16,3,1
15,3,16,4,0
15,3,16,5,0
15,3,16,6,0
15,3,16,7,0
15,4,16,1,0
15,4,16,2,0
15,4,16,3,0
15,4,16,4,1
15,4,16,5,0
15,4,16,6,0
15,4,16,7,0
15,5,16,1,0
15,5,16,2,0
15,5,16,3,0
15,5,16,4,0
15,5,16,5,1
15,5,16,6,0
15,5,16,7,0
15,6,16,1,0
15,6,16,2,0
15,6,16,3,0
15,6,16,4,0
15,6,16,5,0
15,6,16,6,1
15,6,16,7,0
15,7,16,1,0
15,7,16,2,0
15,7,16,3,0
15,7,16,4,0
15,7,16,5,0
15,7,16,6,0
15,7,16,7,1
16,1,17,1,1
16,1,17,2,0
16,1,17,3,0
16,1,17,4,0
16,1,17,5,0
16,1,17,6,0
16,1,17,7,0
16,2,17,1,0
16,2,17,2,1
16,2,17,3,0
16,2,17,4,0
16,2,17,5,0
16,2,17,6,0
16,2,17,7,0
16,3,17,1,0
16,3,17,2,0
16,3,17,3,1
16,3,17,4,0
16,3,17,5,0
16,3,17,6,0
16,3,17,7,0
16,4,17,1,0
16,4,17,2,0
16,4,17,3,0
16,4,17,4,1
16,4,17,5,0
16,4,17,6,0
16,4,17,7,0
16,5,17,1,0
16,5,17,2,0
16,5,17,3,0
16,5,17,4,0
16,5,17,5,1
16,5,17,6,0
16,5,17,7,0
16,6,17,1,0
16,6,17,2,0
16,6,17,3,0
16,6,17,4,0
16,6,17,5,0
16,6,17,6,1
16,6,17,7,0
16,7,17,1,0
16,7,17,2,0
16,7,17,3,0
16,7,17,4,0
16,7,17,5,0
16,7,17,6,0
16,7,17,7,1
17,1,18,1,1
17,1,18,2,0
17,1,18,3,0
17,1,18,4,0
17,1,18,5,0
17,1,18,6,0
17,1,18,7,0
17,2,18,1,0
17,2,18,2,1
17,2,18,3,0
17,2,18,4,0
17,2,18,5,0
17,2,18,6,0
17,2,18,7,0
17,3,18,1,0
17,3,18,2,0
17,3,18,3,1
17,3,18,4,0
17,3,18,5,0
17,3,18,6,0
17,3,18,7,0
17,4,18,1,0
17,4,18,2,0
17,4,18,3,0
17,4,18,4,1
17,4,18,5,0
17,4,18,6,0
17,4,18,7,0
17,5,18,1,0
17,5,18,2,0
17,5,18,3,0
17,5,18,4,0
17,5,18,5,1
17,5,18,6,0
17,5,18,7,0
17,6,18,1,0
17,6,18,2,0
17,6,18,3,0
17,6,18,4,0
17,6,18,5,0
17,6,18,6,1
17,6,18,7,0
17,7,18,1,0
17,7,18,2,0
17,7,18,3,0
17,7,18,4,0
17,7,18,5,0
17,7,18,6,0
17,7,18,7,1
18,1,19,1,1
18,1,19,2,0
18,1,19,3,0
18,1,19,4,0
18,1,19,5,0
18,1,19,6,0
18,1,19,7,0
18,2,19,1,0
18,2,19,2,1
18,2,19,3,0
18,2,19,4,0
18,2,19,5,0
18,2,19,6,0
18,2,19,7,0
18,3,19,1,0
18,3,19,2,0
18,3,19,3,1
18,3,19,4,0
18,3,19,5,0
18,3,19,6,0
18,3,19,7,0
18,4,19,1,0
18,4,19,2,0
18,4,19,3,0
18,4,19,4,1
18,4,19,5,0
18,4,19,6,0
18,4,19,7,0
18,5,19,1,0
18,5,19,2,0
18,5,19,3,0
18,5,19,4,0
18,5,19,5,1
18,5,19,6,0
18,5,19,7,0
18,6,19,1,0
18,6,19,2,0
18,6,19,3,0
18,6,19,4,0
18,6,19,5,0
18,6,19,6,1
18,6,19,7,0
18,7,19,1,0
18,7,19,2,0
18,7,19,3,0
18,7,19,4,0
18,7,19,5,0
18,7,19,6,0
18,7,19,7,1
19,1,20,1,1
19,1,20,2,0
19,1,20,3,0
19,1,20,4,0
19,1,20,5,0
19,1,20,6,0
19,1,20,7,0
19,2,20,1,0
19,2,20,2,1
19,2,20,3,0
19,2,20,4,0
19,2,20,5,0
19,2,20,6,0
19,2,20,7,0
19,3,20,1,0
19,3,20,2,0
19,3,20,3,1
19,3,20,4,0
19,3,20,5,0
19,3,20,6,0
19,3,20,7,0
19,4,20,1,0
19,4,20,2,0
19,4,20,3,0
19,4,20,4,1
19,4,20,5,0
19,4,20,6,0
19,4,20,7,0
19,5,20,1,0
19,5,20,2,0
19,5,20,3,0
19,5,20,4,0
19,5,20,5,1
19,5,20,6,0
19,5,20,7,0
19,6,20,1,0
19,6,20,2,0
19,6,20,3,0
19,6,20,4,0
19,6,20,5,0
19,6,20,6,1
19,6,20,7,0
19,7,20,1,0
19,7,20,2,0
19,7,20,3,0
19,7,20,4,0
19,7,20,5,0
19,7,20,6,0
19,7,20,7,1
20,1,21,1,1
20,1,21,2,0
20,1,21,3,0
20,1,21,4,0
20,1,21,5,0
20,1,21,6,0
20,1,21,7,0
20,2,21,1,0
20,2,21,2,1
20,2,21,3,0
20,2,21,4,0
20,2,21,5,0
20,2,21,6,0
20,2,21,7,0
20,3,21,1,0
20,3,21,2,0
20,3,21,3,1
20,3,21,4,0
20,3,21,5,0
20,3,21,6,0
20,3,21,7,0
20,4,21,1,0
20,4,21,2,0
20,4,21,3,0
20,4,21,4,1
20,4,21,5,0
20,4,21,6,0
20,4,21,7,0
20,5,21,1,0
20,5,21,2,0
20,5,21,3,0
20,5,21,4,0
20,5,21,5,1
20,5,21,6,0
20,5,21,7,0
20,6,21,1,0
20,6,21,2,0
20,6,21,3,0
20,6,21,4,0
20,6,21,5,0
20,6,21,6,1
20,6,21,7,0
20,7,21,1,0
20,7,21,2,0
20,7,21,3,0
20,7,21,4,0
20,7,21,5,0
20,7,21,6,0
20,7,21,7,1
21,1,22,1,1
21,1,22,2,0
21,1,22,3,0
21,1,22,4,0
21,1,22,5,0
21,1,22,6,0
21,1,22,7,0
21,2,22,1,0
21,2,22,2,1
21,2,22,3,0
21,2,22,4,0
21,2,22,5,0
21,2,22,6,0
21,2,22,7,0
21,3,22,1,0
21,3,22,2,0
21,3,22,3,1
21,3,22,4,0
21,3,22,5,0
21,3,22,6,0
21,3,22,7,0
21,4,22,1,0
21,4,22,2,0
21,4,22,3,0
21,4,22,4,1
21,4,22,5,0
21,4,22,6,0
21,4,22,7,0
21,5,22,1,0
21,5,22,2,0
21,5,22,3,0
21,5,22,4,0
21,5,22,5,1
21,5,22,6,0
21,5,22,7,0
21,6,22,1,0
21,6,22,2,0
21,6,22,3,0
21,6,22,4,0
21,6,22,5,0
21,6,22,6,1
21,6,22,7,0
21,7,22,1,0
21,7,22,2,0
21,7,22,3,0
21,7,22,4,0
21,7,22,5,0
21,7,22,6,0
21,7,22,7,1
22,1,23,1,1
22,1,23,2,0
22,1,23,3,0
22,1,23,4,0
22,1,23,5,0
22,1,23,6,0
22,2,23,1,0
22,2,23,2,1
22,2,23,3,0
22,2,23,4,0
22,2,23,5,0
22,2,23,6,0
22,3,23,1,0
22,3,23,2,0
22,3,23,3,1
22,3,23,4,0
22,3,23,5,0
22,3,23,6,0
22,4,23,1,0
22,4,23,2,0
22,4,23,3,0
22,4,23,4,1
22,4,23,5,0
22,4,23,6,0
22,5,23,1,0
22,5,23,2,0
22,5,23,3,0
22,5,23,4,0
22,5,23,5,1
22,5,23,6,0
22,6,23,1,0
22,6,23,2,0
22,6,23,3,0
22,6,23,4,0
22,6,23,5,0
22,6,23,6,1
22,7,23,1,0
22,7,23,2,0
22,7,23,3,0
22,7,23,4,0
22,7,23,5,0
22,7,23,6,0
23,1,24,1,1
23,1,24,2,0
23,1,24,3,0
23,1,24,4,0
23,1,24,5,0
23,1,24,6,0
23,2,24,1,0
23,2,24,2,1
23,2,24,3,0
23,2,24,4,0
23,2,24,5,0
23,2,24,6,0
23,3,24,1,0
23,3,24,2,0
23,3,24,3,1
23,3,24,4,0
23,3,24,5,0
23,3,24,6,0
23,4,24,1,0
23,4,24,2,0
23,4,24,3,0
23,4,24,4,1
23,4,24,5,0
23,4,24,6,0
23,5,24,1,0
23,5,24,2,0
23,5,24,3,0
23,5,24,4,0
23,5,24,5,1
23,5,24,6,0
23,6,24,1,0
23,6,24,2,0
23,6,24,3,0
23,6,24,4,0
23,6,24,5,0
23,6,24,6,1
24,1,25,1,1
24,1,25,2,0
24,1,25,3,0
24,1,25,4,0
24,1,25,5,0
24,1,25,6,0
24,2,25,1,0
24,2,25,2,1
24,2,25,3,0
24,2,25,4,0
24,2,25,5,0
24,2,25,6,0
24,3,25,1,0
24,3,25,2,0
24,3,25,3,1
24,3,25,4,0
24,3,25,5,0
24,3,25,6,0
24,4,25,1,0
24,4,25,2,0
24,4,25,3,0
24,4,25,4,1
24,4,25,5,0
24,4,25,6,0
24,5,25,1,0
24,5,25,2,0
24,5,25,3,0
24,5,25,4,0
24,5,25,5,1
24,5,25,6,0
24,6,25,1,0
24,6,25,2,0
24,6,25,3,0
24,6,25,4,0
24,6,25,5,0
24,6,25,6,1
25,1,26,1,1
25,1,26,2,0
25,1,26,3,0
25,1,26,4,0
25,1,26,5,0
25,1,26,6,0
25,2,26,1,0
25,2,26,2,1
25,2,26,3,0
25,2,26,4,0
25,2,26,5,0
25,2,26,6,0
25,3,26,1,0
25,3,26,2,0
25,3,26,3,1
25,3,26,4,0
25,3,26,5,0
25,3,26,6,0
25,4,26,1,0
25,4,26,2,0
25,4,26,3,0
25,4,26,4,1
25,4,26,5,0
25,4,26,6,0
25,5,26,1,0
25,5,26,2,0
25,5,26,3,0
25,5,26,4,0
25,5,26,5,1
25,5,26,6,0
25,6,26,1,0
25,6,26,2,0
25,6,26,3,0
25,6,26,4,0
25,6,26,5,0
25,6,26,6,1
26,1,27,1,1
26,1,27,2,0
26,1,27,3,0
26,1,27,4,0
26,1,27,5,0
26,1,27,6,0
26,2,27,1,0
26,2,27,2,1
26,2,27,3,0
26,2,27,4,0
26,2,27,5,0
26,2,27,6,0
26,3,27,1,0
26,3,27,2,0
26,3,27,3,1
26,3,27,4,0
26,3,27,5,0
26,3,27,6,0
26,4,27,1,0
26,4,27,2,0
26,4,27,3,0
26,4,27,4,1
26,4,27,5,0
26,4,27,6,0
26,5,27,1,0
26,5,27,2,0
26,5,27,3,0
26,5,27,4,0
26,5,27,5,1
26,5,27,6,0
26,6,27,1,0
26,6,27,2,0
26,6,27,3,0
26,6,27,4,0
26,6,27,5,0
26,6,27,6,1
27,1,28,1,1
27,1,28,2,0
27,1,28,3,0
27,1,28,4,0
27,1,28,5,0
27,1,28,6,0
27,2,28,1,0
27,2,28,2,1
27,2,28,3,0
27,2,28,4,0
27,2,28,5,0
27,2,28,6,0
27,3,28,1,0
27,3,28,2,0
27,3,28,3,1
27,3,28,4,0
27,3,28,5,0
27,3,28,6,0
27,4,28,1,0
27,4,28,2,0
27,4,28,3,0
27,4,28,4,1
27,4,28,5,0
27,4,28,6,0
27,5,28,1,0
27,5,28,2,0
27,5,28,3,0
27,5,28,4,0
27,5,28,5,1
27,5,28,6,0
27,6,28,1,0
27,6,28,2,0
27,6,28,3,0
27,6,28,4,0
27,6,28,5,0
27,6,28,6,1
28,1,29,1,1
28,1,29,2,0
28,1,29,3,0
28,1,29,4,0
28,1,29,5,0
28,1,29,6,0
28,2,29,1,0
28,2,29,2,1
28,2,29,3,0
28,2,29,4,0
28,2,29,5,0
28,2,29,6,0
28,3,29,1,0
28,3,29,2,0
28,3,29,3,1
28,3,29,4,0
28,3,29,5,0
28,3,29,6,0
28,4,29,1,0
28,4,29,2,0
28,4,29,3,0
28,4,29,4,1
28,4,29,5,0
28,4,29,6,0
28,5,29,1,0
28,5,29,2,0
28,5,29,3,0
28,5,29,4,0
28,5,29,5,1
28,5,29,6,0
28,6,29,1,0
28,6,29,2,0
28,6,29,3,0
28,6,29,4,0
28,6,29,5,0
28,6,29,6,1
29,1,30,1,1
29,1,30,2,0
29,1,30,3,0
29,1,30,4,0
29,1,30,5,0
29,1,30,6,0
29,2,30,1,0
29,2,30,2,1
29,2,30,3,0
29,2,30,4,0
29,2,30,5,0
29,2,30,6,0
29,3,30,1,0
29,3,30,2,0
29,3,30,3,1
29,3,30,4,0
29,3,30,5,0
29,3,30,6,0
29,4,30,1,0
29,4,30,2,0
29,4,30,3,0
29,4,30,4,1
29,4,30,5,0
29,4,30,6,0
29,5,30,1,0
29,5,30,2,0
29,5,30,3,0
29,5,30,4,0
29,5,30,5,1
29,5,30,6,0
29,6,30,1,0
29,6,30,2,0
29,6,30,3,0
29,6,30,4,0
29,6,30,5,0
29,6,30,6,1
30,1,31,1,1
30,1,31,2,0
30,1,31,3,0
30,1,31,4,0
30,1,31,5,0
30,1,31,6,0
30,2,31,1,0
30,2,31,2,1
30,2,31,3,0
30,2,31,4,0
30,2,31,5,0
30,2,31,6,0
30,3,31,1,0
30,3,31,2,0
30,3,31,3,1
30,3,31,4,0
30,3,31,5,0
30,3,31,6,0
30,4,31,1,0
30,4,31,2,0
30,4,31,3,0
30,4,31,4,1
30,4,31,5,0
30,4,31,6,0
30,5,31,1,0
30,5,31,2,0
30,5,31,3,0
30,5,31,4,0
30,5,31,5,1
30,5,31,6,0
30,6,31,1,0
30,6,31,2,0
30,6,31,3,0
30,6,31,4,0
30,6,31,5,0
30,6,31,6,1
31,1,32,1,1
31,1,32,2,0
31,1,32,3,0
31,1,32,4,0
31,1,32,5,0
31,1,32,6,0
31,2,32,1,0
31,2,32,2,1
31,2,32,3,0
31,2,32,4,0
31,2,32,5,0
31,2,32,6,0
31,3,32,1,0
31,3,32,2,0
31,3,32,3,1
31,3,32,4,0
31,3,32,5,0
31,3,32,6,0
31,4,32,1,0
31,4,32,2,0
31,4,32,3,0
31,4,32,4,1
31,4,32,5,0
31,4,32,6,0
31,5,32,1,0
31,5,32,2,0
31,5,32,3,0
31,5,32,4,0
31,5,32,5,1
31,5,32,6,0
31,6,32,1,0
31,6,32,2,0
31,6,32,3,0
31,6,32,4,0
31,6,32,5,0
31,6,32,6,1
32,1,33,1,1
32,1,33,2,0
32,1,33,3,0
32,1,33,4,0
32,1,33,5,0
32,1,33,6,0
32,2,33,1,0
32,2,33,2,1
32,2,33,3,0
32,2,33,4,0
32,2,33,5,0
32,2,33,6,0
32,3,33,1,0
32,3,33,2,0
32,3,33,3,1
32,3,33,4,0
32,3,33,5,0
32,3,33,6,0
32,4,33,1,0
32,4,33,2,0
32,4,33,3,0
32,4,33,4,1
32,4,33,5,0
32,4,33,6,0
32,5,33,1,0
32,5,33,2,0
32,5,33,3,0
32,5,33,4,0
32,5,33,5,1
32,5,33,6,0
32,6,33,1,0
32,6,33,2,0
32,6,33,3,0
32,6,33,4,0
32,6,33,5,0
32,6,33,6,1
33,1,34,1,1
33,1,34,2,0
33,1,34,3,0
33,1,34,4,0
33,1,34,5,0
33,1,34,6,0
33,2,34,1,0
33,2,34,2,1
33,2,34,3,0
33,2,34,4,0
33,2,34,5,0
33,2,34,6,0
33,3,34,1,0
33,3,34,2,0
33,3,34,3,1
33,3,34,4,0
33,3,34,5,0
33,3,34,6,0
33,4,34,1,0
33,4,34,2,0
33,4,34,3,0
33,4,34,4,1
33,4,34,5,0
33,4,34,6,0
33,5,34,1,0
33,5,34,2,0
33,5,34,3,0
33,5,34,4,0
33,5,34,5,1
33,5,34,6,0
33,6,34,1,0
33,6,34,2,0
33,6,34,3,0
33,6,34,4,0
33,6,34,5,0
33,6,34,6,1
34,1,35,1,1
34,1,35,2,0
34,1,35,3,0
34,1,35,4,0
34,1,35,5,0
34,1,35,6,0
34,2,35,1,0
34,2,35,2,1
34,2,35,3,0
34,2,35,4,0
34,2,35,5,0
34,2,35,6,0
34,3,35,1,0
34,3,35,2,0
34,3,35,3,1
34,3,35,4,0
34,3,35,5,0
34,3,35,6,0
34,4,35,1,0
34,4,35,2,0
34,4,35,3,0
34,4,35,4,1
34,4,35,5,0
34,4,35,6,0
34,5,35,1,0
34,5,35,2,0
34,5,35,3,0
34,5,35,4,0
34,5,35,5,1
34,5,35,6,0
34,6,35,1,0
34,6,35,2,0
34,6,35,3,0
34,6,35,4,0
34,6,35,5,0
34,6,35,6,1
35,1,36,1,1
35,1,36,2,0
35,1,36,3,0
35,1,36,4,0
35,1,36,5,0
35,1,36,6,0
35,2,36,1,0
35,2,36,2,1
35,2,36,3,0
35,2,36,4,0
35,2,36,5,0
35,2,36,6,0
35,3,36,1,0
35,3,36,2,0
35,3,36,3,1
35,3,36,4,0
35,3,36,5,0
35,3,36,6,0
35,4,36,1,0
35,4,36,2,0
35,4,36,3,0
35,4,36,4,1
35,4,36,5,0
35,4,36,6,0
35,5,36,1,0
35,5,36,2,0
35,5,36,3,0
35,5,36,4,0
35,5,36,5,1
35,5,36,6,0
35,6,36,1,0
35,6,36,2,0
35,6,36,3,0
35,6,36,4,0
35,6,36,5,0
35,6,36,6,1
36,1,37,1,1
36,1,37,2,0
36,1,37,3,0
36,1,37,4,0
36,1,37,5,0
36,1,37,6,0
36,2,37,1,0
36,2,37,2,1
36,2,37,3,0
36,2,37,4,0
36,2,37,5,0
36,2,37,6,0
36,3,37,1,0
36,3,37,2,0
36,3,37,3,1
36,3,37,4,0
36,3,37,5,0
36,3,37,6,0
36,4,37,1,0
36,4,37,2,0
36,4,37,3,0
36,4,37,4,1
36,4,37,5,0
36,4,37,6,0
36,5,37,1,0
36,5,37,2,0
36,5,37,3,0
36,5,37,4,0
36,5,37,5,1
36,5,37,6,0
36,6,37,1,0
36,6,37,2,0
36,6,37,3,0
36,6,37,4,0
36,6,37,5,0
36,6,37,6,1
37,1,38,1,1
37,1,38,2,0
37,1,38,3,0
37,1,38,4,0
37,1,38,5,0
37,1,38,6,0
37,2,38,1,0
37,2,38,2,1
37,2,38,3,0
37,2,38,4,0
37,2,38,5,0
37,2,38,6,0
37,3,38,1,0
37,3,38,2,0
37,3,38,3,1
37,3,38,4,0
37,3,38,5,0
37,3,38,6,0
37,4,38,1,0
37,4,38,2,0
37,4,38,3,0
37,4,38,4,1
37,4,38,5,0
37,4,38,6,0
37,5,38,1,0
37,5,38,2,0
37,5,38,3,0
37,5,38,4,0
37,5,38,5,1
37,5,38,6,0
37,6,38,1,0
37,6,38,2,0
37,6,38,3,0
37,6,38,4,0
37,6,38,5,0
37,6,38,6,1
38,1,39,1,1
38,1,39,2,0
38,1,39,3,0
38,1,39,4,0
38,1,39,5,0
38,1,39,6,0
38,2,39,1,0
38,2,39,2,1
38,2,39,3,0
38,2,39,4,0
38,2,39,5,0
38,2,39,6,0
38,3,39,1,0
38,3,39,2,0
38,3,39,3,1
38,3,39,4,0
38,3,39,5,0
38,3,39,6,0
38,4,39,1,0
38,4,39,2,0
38,4,39,3,0
38,4,39,4,1
38,4,39,5,0
38,4,39,6,0
38,5,39,1,0
38,5,39,2,0
38,5,39,3,0
38,5,39,4,0
38,5,39,5,1
38,5,39,6,0
38,6,39,1,0
38,6,39,2,0
38,6,39,3,0
38,6,39,4,0
38,6,39,5,0
38,6,39,6,1
39,1,40,1,1
39,1,40,2,0
39,1,40,3,0
39,1,40,4,0
39,1,40,5,0
39,1,40,6,0
39,2,40,1,0
39,2,40,2,1
39,2,40,3,0
39,2,40,4,0
39,2,40,5,0
39,2,40,6,0
39,3,40,1,0
39,3,40,2,0
39,3,40,3,1
39,3,40,4,0
39,3,40,5,0
39,3,40,6,0
39,4,40,1,0
39,4,40,2,0
39,4,40,3,0
39,4,40,4,1
39,4,40,5,0
39,4,40,6,0
39,5,40,1,0
39,5,40,2,0
39,5,40,3,0
39,5,40,4,0
39,5,40,5,1
39,5,40,6,0
39,6,40,1,0
39,6,40,2,0
39,6,40,3,0
39,6,40,4,0
39,6,40,5,0
39,6,40,6,1
40,1,41,1,1
40,1,41,2,0
40,1,41,3,0
40,1,41,4,0
40,1,41,5,0
40,1,41,6,0
40,2,41,1,0
40,2,41,2,1
40,2,41,3,0
40,2,41,4,0
40,2,41,5,0
40,2,41,6,0
40,3,41,1,0
40,3,41,2,0
40,3,41,3,1
40,3,41,4,0
40,3,41,5,0
40,3,41,6,0
40,4,41,1,0
40,4,41,2,0
40,4,41,3,0
40,4,41,4,1
40,4,41,5,0
40,4,41,6,0
40,5,41,1,0
40,5,41,2,0
40,5,41,3,0
40,5,41,4,0
40,5,41,5,1
40,5,41,6,0
40,6,41,1,0
40,6,41,2,0
40,6,41,3,0
40,6,41,4,0
40,6,41,5,0
40,6,41,6,1
41,1,42,1,1
41,1,42,2,0
41,1,42,3,0
41,1,42,4,0
41,1,42,5,0
41,1,42,6,0
41,2,42,1,0
41,2,42,2,1
41,2,42,3,0
41,2,42,4,0
41,2,42,5,0
41,2,42,6,0
41,3,42,1,0
41,3,42,2,0
41,3,42,3,1
41,3,42,4,0
41,3,42,5,0
41,3,42,6,0
41,4,42,1,0
41,4,42,2,0
41,4,42,3,0
41,4,42,4,1
41,4,42,5,0
41,4,42,6,0
41,5,42,1,0
41,5,42,2,0
41,5,42,3,0
41,5,42,4,0
41,5,42,5,1
41,5,42,6,0
41,6,42,1,0
41,6,42,2,0
41,6,42,3,0
41,6,42,4,0
41,6,42,5,0
41,6,42,6,1
42,1,43,1,1
42,1,43,2,0
42,1,43,3,0
42,1,43,4,0
42,1,43,5,0
42,1,43,6,0
42,2,43,1,0
42,2,43,2,1
42,2,43,3,0
42,2,43,4,0
42,2,43,5,0
42,2,43,6,0
42,3,43,1,0
42,3,43,2,0
42,3,43,3,1
42,3,43,4,0
42,3,43,5,0
42,3,43,6,0
42,4,43,1,0
42,4,43,2,0
42,4,43,3,0
42,4,43,4,1
42,4,43,5,0
42,4,43,6,0
42,5,43,1,0
42,5,43,2,0
42,5,43,3,0
42,5,43,4,0
42,5,43,5,1
42,5,43,6,0
42,6,43,1,0
42,6,43,2,0
42,6,43,3,0
42,6,43,4,0
42,6,43,5,0
42,6,43,6,1
43,1,44,1,1
43,1,44,2,0
43,1,44,3,0
43,1,44,4,0
43,1,44,5,0
43,1,44,6,0
43,2,44,1,0
43,2,44,2,1
43,2,44,3,0
43,2,44,4,0
43,2,44,5,0
43,2,44,6,0
43,3,44,1,0
43,3,44,2,0
43,3,44,3,1
43,3,44,4,0
43,3,44,5,0
43,3,44,6,0
43,4,44,1,0
43,4,44,2,0
43,4,44,3,0
43,4,44,4,1
43,4,44,5,0
43,4,44,6,0
43,5,44,1,0
43,5,44,2,0
43,5,44,3,0
43,5,44,4,0
43,5,44,5,1
43,5,44,6,0
43,6,44,1,0
43,6,44,2,0
43,6,44,3,0
43,6,44,4,0
43,6,44,5,0
43,6,44,6,1
44,1,45,1,1
44,1,45,2,0
44,1,45,3,0
44,1,45,4,0
44,1,45,5,0
44,1,45,6,0
44,2,45,1,0
44,2,45,2,1
44,2,45,3,0
44,2,45,4,0
44,2,45,5,0
44,2,45,6,0
44,3,45,1,0
44,3,45,2,0
44,3,45,3,1
44,3,45,4,0
44,3,45,5,0
44,3,45,6,0
44,4,45,1,0
44,4,45,2,0
44,4,45,3,0
44,4,45,4,1
44,4,45,5,0
44,4,45,6,0
44,5,45,1,0
44,5,45,2,0
44,5,45,3,0
44,5,45,4,0
44,5,45,5,1
44,5,45,6,0
44,6,45,1,0
44,6,45,2,0
44,6,45,3,0
44,6,45,4,0
44,6,45,5,0
44,6,45,6,1
45,1,46,1,1
45,1,46,2,0
45,1,46,3,0
45,1,46,4,0
45,1,46,5,0
45,1,46,6,0
45,2,46,1,0
45,2,46,2,1
45,2,46,3,0
45,2,46,4,0
45,2,46,5,0
45,2,46,6,0
45,3,46,1,0
45,3,46,2,0
45,3,46,3,1
45,3,46,4,0
45,3,46,5,0
45,3,46,6,0
45,4,46,1,0
45,4,46,2,0
45,4,46,3,0
45,4,46,4,1
45,4,46,5,0
45,4,46,6,0
45,5,46,1,0
45,5,46,2,0
45,5,46,3,0
45,5,46,4,0
45,5,46,5,1
45,5,46,6,0
45,6,46,1,0
45,6,46,2,0
45,6,46,3,0
45,6,46,4,0
45,6,46,5,0
45,6,46,6,1
46,1,47,1,1
46,1,47,2,0
46,1,47,3,0
46,1,47,4,0
46,1,47,5,0
46,1,47,6,0
46,2,47,1,0
46,2,47,2,1
46,2,47,3,0
46,2,47,4,0
46,2,47,5,0
46,2,47,6,0
46,3,47,1,0
46,3,47,2,0
46,3,47,3,1
46,3,47,4,0
46,3,47,5,0
46,3,47,6,0
46,4,47,1,0
46,4,47,2,0
46,4,47,3,0
46,4,47,4,1
46,4,47,5,0
46,4,47,6,0
46,5,47,1,0
46,5,47,2,0
46,5,47,3,0
46,5,47,4,0
46,5,47,5,1
46,5,47,6,0
46,6,47,1,0
46,6,47,2,0
46,6,47,3,0
46,6,47,4,0
46,6,47,5,0
46,6,47,6,1
47,1,48,1,1
47,1,48,2,0
47,1,48,3,0
47,1,48,4,0
47,1,48,5,0
47,1,48,6,0
47,2,48,1,0
47,2,48,2,1
47,2,48,3,0
47,2,48,4,0
47,2,48,5,0
47,2,48,6,0
47,3,48,1,0
47,3,48,2,0
47,3,48,3,1
47,3,48,4,0
47,3,48,5,0
47,3,48,6,0
47,4,48,1,0
47,4,48,2,0
47,4,48,3,0
47,4,48,4,1
47,4,48,5,0
47,4,48,6,0
47,5,48,1,0
47,5,48,2,0
47,5,48,3,0
47,5,48,4,0
47,5,48,5,1
47,5,48,6,0
47,6,48,1,0
47,6,48,2,0
47,6,48,3,0
47,6,48,4,0
47,6,48,5,0
47,6,48,6,1
48,1,49,1,1
48,1,49,2,0
48,1,49,3,0
48,1,49,4,0
48,1,49,5,0
48,1,49,6,0
48,2,49,1,0
48,2,49,2,1
48,2,49,3,0
48,2,49,4,0
48,2,49,5,0
48,2,49,6,0
48,3,49,1,0
48,3,49,2,0
48,3,49,3,1
48,3,49,4,0
48,3,49,5,0
48,3,49,6,0
48,4,49,1,0
48,4,49,2,0
48,4,49,3,0
48,4,49,4,1
48,4,49,5,0
48,4,49,6,0
48,5,49,1,0
48,5,49,2,0
48,5,49,3,0
48,5,49,4,0
48,5,49,5,1
48,5,49,6,0
48,6,49,1,0
48,6,49,2,0
48,6,49,3,0
48,6,49,4,0
48,6,49,5,0
48,6,49,6,1
49,1,50,1,1
49,1,50,2,0
49,1,50,3,0
49,1,50,4,0
49,1,50,5,0
49,1,50,6,0
49,2,50,1,0
49,2,50,2,1
49,2,50,3,0
49,2,50,4,0
49,2,50,5,0
49,2,50,6,0
49,3,50,1,0
49,3,50,2,0
49,3,50,3,1
49,3,50,4,0
49,3,50,5,0
49,3,50,6,0
49,4,50,1,0
49,4,50,2,0
49,4,50,3,0
49,4,50,4,1
49,4,50,5,0
49,4,50,6,0
49,5,50,1,0
49,5,50,2,0
49,5,50,3,0
49,5,50,4,0
49,5,50,5,1
49,5,50,6,0
49,6,50,1,0
49,6,50,2,0
49,6,50,3,0
49,6,50,4,0
49,6,50,5,0
49,6,50,6,1
50,1,51,1,1
50,1,51,2,0
50,1,51,3,0
50,1,51,4,0
50,1,51,5,0
50,1,51,6,0
50,2,51,1,0
50,2,51,2,1
50,2,51,3,0
50,2,51,4,0
50,2,51,5,0
50,2,51,6,0
50,3,51,1,0
50,3,51,2,0
50,3,51,3,1
50,3,51,4,0
50,3,51,5,0
50,3,51,6,0
50,4,51,1,0
50,4,51,2,0
50,4,51,3,0
50,4,51,4,1
50,4,51,5,0
50,4,51,6,0
50,5,51,1,0
50,5,51,2,0
50,5,51,3,0
50,5,51,4,0
50,5,51,5,1
50,5,51,6,0
50,6,51,1,0
50,6,51,2,0
50,6,51,3,0
50,6,51,4,0
50,6,51,5,0
50,6,51,6,1
51,1,52,1,1
51,1,52,2,0
51,1,52,3,0
51,1,52,4,0
51,1,52,5,0
51,1,52,6,0
51,2,52,1,0
51,2,52,2,1
51,2,52,3,0
51,2,52,4,0
51,2,52,5,0
51,2,52,6,0
51,3,52,1,0
51,3,52,2,0
51,3,52,3,1
51,3,52,4,0
51,3,52,5,0
51,3,52,6,0
51,4,52,1,0
51,4,52,2,0
51,4,52,3,0
51,4,52,4,1
51,4,52,5,0
51,4,52,6,0
51,5,52,1,0
51,5,52,2,0
51,5,52,3,0
51,5,52,4,0
51,5,52,5,1
51,5,52,6,0
51,6,52,1,0
51,6,52,2,0
51,6,52,3,0
51,6,52,4,0
51,6,52,5,0
51,6,52,6,1
52,1,53,1,1
52,1,53,2,0
52,1,53,3,0
52,1,53,4,0
52,1,53,5,0
52,1,53,6,0
52,2,53,1,0
52,2,53,2,1
52,2,53,3,0
52,2,53,4,0
52,2,53,5,0
52,2,53,6,0
52,3,53,1,0
52,3,53,2,0
52,3,53,3,1
52,3,53,4,0
52,3,53,5,0
52,3,53,6,0
52,4,53,1,0
52,4,53,2,0
52,4,53,3,0
52,4,53,4,1
52,4,53,5,0
52,4,53,6,0
52,5,53,1,0
52,5,53,2,0
52,5,53,3,0
52,5,53,4,0
52,5,53,5,1
52,5,53,6,0
52,6,53,1,0
52,6,53,2,0
52,6,53,3,0
52,6,53,4,0
52,6,53,5,0
52,6,53,6,1
53,1,54,1,1
53,1,54,2,0
53,1,54,3,0
53,1,54,4,0
53,1,54,5,0
53,1,54,6,0
53,1,54,8,0
53,2,54,1,0
53,2,54,2,1
53,2,54,3,0
53,2,54,4,0
53,2,54,5,0
53,2,54,6,0
53,2,54,8,0
53,3,54,1,0
53,3,54,2,0
53,3,54,3,1
53,3,54,4,0
53,3,54,5,0
53,3,54,6,0
53,3,54,8,0
53,4,54,1,0
53,4,54,2,0
53,4,54,3,0
53,4,54,4,1
53,4,54,5,0
53,4,54,6,0
53,4,54,8,0
53,5,54,1,0
53,5,54,2,0
53,5,54,3,0
53,5,54,4,0
53,5,54,5,1
53,5,54,6,0
53,5,54,8,0
53,6,54,1,0
53,6,54,2,0
53,6,54,3,0
53,6,54,4,0
53,6,54,5,0
53,6,54,6,1
53,6,54,8,0
54,1,55,1,1
54,1,55,2,0
54,1,55,3,0
54,1,55,4,0
54,1,55,5,0
54,1,55,6,0
54,1,55,8,0
54,2,55,1,0
54,2,55,2,1
54,2,55,3,0
54,2,55,4,0
54,2,55,5,0
54,2,55,6,0
54,2,55,8,0
54,3,55,1,0
54,3,55,2,0
54,3,55,3,1
54,3,55,4,0
54,3,55,5,0
54,3,55,6,0
54,3,55,8,0
54,4,55,1,0
54,4,55,2,0
54,4,55,3,0
54,4,55,4,1
54,4,55,5,0
54,4,55,6,0
54,4,55,8,0
54,5,55,1,0
54,5,55,2,0
54,5,55,3,0
54,5,55,4,0
54,5,55,5,1
54,5,55,6,0
54,5,55,8,0
54,6,55,1,0
54,6,55,2,0
54,6,55,3,0
54,6,55,4,0
54,6,55,5,0
54,6,55,6,1
54,6,55,8,0
54,8,55,1,0
54,8,55,2,0
54,8,55,3,0
54,8,55,4,0
54,8,55,5,0
54,8,55,6,0
54,8,55,8,1
55,1,56,1,1
55,1,56,2,0
55,1,56,3,0
55,1,56,4,0
55,1,56,5,0
55,1,56,6,0
55,1,56,8,0
55,2,56,1,0
55,2,56,2,1
55,2,56,3,0
55,2,56,4,0
55,2,56,5,0
55,2,56,6,0
55,2,56,8,0
55,3,56,1,0
55,3,56,2,0
55,3,56,3,1
55,3,56,4,0
55,3,56,5,0
55,3,56,6,0
55,3,56,8,0
55,4,56,1,0
55,4,56,2,0
55,4,56,3,0
55,4,56,4,1
55,4,56,5,0
55,4,56,6,0
55,4,56,8,0
55,5,56,1,0
55,5,56,2,0
55,5,56,3,0
55,5,56,4,0
55,5,56,5,1
55,5,56,6,0
55,5,56,8,0
55,6,56,1,0
55,6,56,2,0
55,6,56,3,0
55,6,56,4,0
55,6,56,5,0
55,6,56,6,1
55,6,56,8,0
55,8,56,1,0
55,8,56,2,0
55,8,56,3,0
55,8,56,4,0
55,8,56,5,0
55,8,56,6,0
55,8,56,8,1
56,1,57,1,1
56,1,57,2,0
56,1,57,3,0
56,1,57,4,0
56,1,57,5,0
56,1,57,6,0
56,1,57,8,0
56,2,57,1,0
56,2,57,2,1
56,2,57,3,0
56,2,57,4,0
56,2,57,5,0
56,2,57,6,0
56,2,57,8,0
56,3,57,1,0
56,3,57,2,0
56,3,57,3,1
56,3,57,4,0
56,3,57,5,0
56,3,57,6,0
56,3,57,8,0
56,4,57,1,0
56,4,57,2,0
56,4,57,3,0
56,4,57,4,1
56,4,57,5,0
56,4,57,6,0
56,4,57,8,0
56,5,57,1,0
56,5,57,2,0
56,5,57,3,0
56,5,57,4,0
56,5,57,5,1
56,5,57,6,0
56,5,57,8,0
56,6,57,1,0
56,6,57,2,0
56,6,57,3,0
56,6,57,4,0
56,6,57,5,0
56,6,57,6,1
56,6,57,8,0
56,8,57,1,0
56,8,57,2,0
56,8,57,3,0
56,8,57,4,0
56,8,57,5,0
56,8,57,6,0
56,8,57,8,1
57,1,58,1,1
57,1,58,2,0
57,1,58,3,0
57,1,58,4,0
57,1,58,5,0
57,1,58,6,0
57,1,58,8,0
57,2,58,1,0
57,2,58,2,1
57,2,58,3,0
57,2,58,4,0
57,2,58,5,0
57,2,58,6,0
57,2,58,8,0
57,3,58,1,0
57,3,58,2,0
57,3,58,3,1
57,3,58,4,0
57,3,58,5,0
57,3,58,6,0
57,3,58,8,0
57,4,58,1,0
57,4,58,2,0
57,4,58,3,0
57,4,58,4,1
57,4,58,5,0
57,4,58,6,0
57,4,58,8,0
57,5,58,1,0
57,5,58,2,0
57,5,58,3,0
57,5,58,4,0
57,5,58,5,1
57,5,58,6,0
57,5,58,8,0
57,6,58,1,0
57,6,58,2,0
57,6,58,3,0
57,6,58,4,0
57,6,58,5,0
57,6,58,6,1
57,6,58,8,0
57,8,58,1,0
57,8,58,2,0
57,8,58,3,0
57,8,58,4,0
57,8,58,5,0
57,8,58,6,0
57,8,58,8,1
58,1,59,1,1
58,1,59,2,0
58,1,59,3,0
58,1,59,4,0
58,1,59,5,0
58,1,59,6,0
58,1,59,8,0
58,2,59,1,0
58,2,59,2,1
58,2,59,3,0
58,2,59,4,0
58,2,59,5,0
58,2,59,6,0
58,2,59,8,0
58,3,59,1,0
58,3,59,2,0
58,3,59,3,1
58,3,59,4,0
58,3,59,5,0
58,3,59,6,0
58,3,59,8,0
58,4,59,1,0
58,4,59,2,0
58,4,59,3,0
58,4,59,4,1
58,4,59,5,0
58,4,59,6,0
58,4,59,8,0
58,5,59,1,0
58,5,59,2,0
58,5,59,3,0
58,5,59,4,0
58,5,59,5,1
58,5,59,6,0
58,5,59,8,0
58,6,59,1,0
58,6,59,2,0
58,6,59,3,0
58,6,59,4,0
58,6,59,5,0
58,6,59,6,1
58,6,59,8,0
58,8,59,1,0
58,8,59,2,0
58,8,59,3,0
58,8,59,4,0
58,8,59,5,0
58,8,59,6,0
58,8,59,8,1
59,1,60,1,1
59,1,60,2,0
59,1,60,3,0
59,1,60,4,0
59,1,60,5,0
59,1,60,6,0
59,1,60,8,0
59,2,60,1,0
59,2,60,2,1
59,2,60,3,0
59,2,60,4,0
59,2,60,5,0
59,2,60,6,0
59,2,60,8,0
59,3,60,1,0
59,3,60,2,0
59,3,60,3,1
59,3,60,4,0
59,3,60,5,0
59,3,60,6,0
59,3,60,8,0
59,4,60,1,0
59,4,60,2,0
59,4,60,3,0
59,4,60,4,1
59,4,60,5,0
59,4,60,6,0
59,4,60,8,0
59,5,60,1,0
59,5,60,2,0
59,5,60,3,0
59,5,60,4,0
59,5,60,5,1
59,5,60,6,0
59,5,60,8,0
59,6,60,1,0
59,6,60,2,0
59,6,60,3,0
59,6,60,4,0
59,6,60,5,0
59,6,60,6,1
59,6,60,8,0
59,8,60,1,0
59,8,60,2,0
59,8,60,3,0
59,8,60,4,0
59,8,60,5,0
59,8,60,6,0
59,8,60,8,1
60,1,61,1,1
60,1,61,2,0
60,1,61,3,0
60,1,61,4,0
60,1,61,5,0
60,1,61,6,0
60,1,61,8,0
60,2,61,1,0
60,2,61,2,1
60,2,61,3,0
60,2,61,4,0
60,2,61,5,0
60,2,61,6,0
60,2,61,8,0
60,3,61,1,0
60,3,61,2,0
60,3,61,3,1
60,3,61,4,0
60,3,61,5,0
60,3,61,6,0
60,3,61,8,0
60,4,61,1,0
60,4,61,2,0
60,4,61,3,0
60,4,61,4,1
60,4,61,5,0
60,4,61,6,0
60,4,61,8,0
60,5,61,1,0
60,5,61,2,0
60,5,61,3,0
60,5,61,4,0
60,5,61,5,1
60,5,61,6,0
60,5,61,8,0
60,6,61,1,0
60,6,61,2,0
60,6,61,3,0
60,6,61,4,0
60,6,61,5,0
60,6,61,6,1
60,6,61,8,0
60,8,61,1,0
60,8,61,2,0
60,8,61,3,0
60,8,61,4,0
60,8,61,5,0
60,8,61,6,0
60,8,61,8,1
61,1,62,1,1
61,1,62,2,0
61,1,62,3,0
61,1,62,4,0
61,1,62,5,0
61,1,62,6,0
61,1,62,8,0
61,2,62,1,0
61,2,62,2,1
61,2,62,3,0
61,2,62,4,0
61,2,62,5,0
61,2,62,6,0
61,2,62,8,0
61,3,62,1,0
61,3,62,2,0
61,3,62,3,1
61,3,62,4,0
61,3,62,5,0
61,3,62,6,0
61,3,62,8,0
61,4,62,1,0
61,4,62,2,0
61,4,62,3,0
61,4,62,4,1
61,4,62,5,0
61,4,62,6,0
61,4,62,8,0
61,5,62,1,0
61,5,62,2,0
61,5,62,3,0
61,5,62,4,0
61,5,62,5,1
61,5,62,6,0
61,5,62,8,0
61,6,62,1,0
61,6,62,2,0
61,6,62,3,0
61,6,62,4,0
61,6,62,5,0
61,6,62,6,1
61,6,62,8,0
61,8,62,1,0
61,8,62,2,0
61,8,62,3,0
61,8,62,4,0
61,8,62,5,0
61,8,62,6,0
61,8,62,8,1
62,1,63,1,1
62,1,63,2,0
62,1,63,3,0
62,1,63,4,0
62,1,63,5,0
62,1,63,6,0
62,1,63,8,0
62,2,63,1,0
62,2,63,2,1
62,2,63,3,0
62,2,63,4,0
62,2,63,5,0
62,2,63,6,0
62,2,63,8,0
62,3,63,1,0
62,3,63,2,0
62,3,63,3,1
62,3,63,4,0
62,3,63,5,0
62,3,63,6,0
62,3,63,8,0
62,4,63,1,0
62,4,63,2,0
62,4,63,3,0
62,4,63,4,1
62,4,63,5,0
62,4,63,6,0
62,4,63,8,0
62,5,63,1,0
62,5,63,2,0
62,5,63,3,0
62,5,63,4,0
62,5,63,5,1
62,5,63,6,0
62,5,63,8,0
62,6,63,1,0
62,6,63,2,0
62,6,63,3,0
62,6,63,4,0
62,6,63,5,0
62,6,63,6,1
62,6,63,8,0
62,8,63,1,0
62,8,63,2,0
62,8,63,3,0
62,8,63,4,0
62,8,63,5,0
62,8,63,6,0
62,8,63,8,1
63,1,64,1,1
63,1,64,2,0
63,1,64,3,0
63,1,64,4,0
63,1,64,5,0
63,1,64,6,0
63,1,64,8,0
63,2,64,1,0
63,2,64,2,1
63,2,64,3,0
63,2,64,4,0
63,2,64,5,0
63,2,64,6,0
63,2,64,8,0
63,3,64,1,0
63,3,64,2,0
63,3,64,3,1
63,3,64,4,0
63,3,64,5,0
63,3,64,6,0
63,3,64,8,0
63,4,64,1,0
63,4,64,2,0
63,4,64,3,0
63,4,64,4,1
63,4,64,5,0
63,4,64,6,0
63,4,64,8,0
63,5,64,1,0
63,5,64,2,0
63,5,64,3,0
63,5,64,4,0
63,5,64,5,1
63,5,64,6,0
63,5,64,8,0
63,6,64,1,0
63,6,64,2,0
63,6,64,3,0
63,6,64,4,0
63,6,64,5,0
63,6,64,6,1
63,6,64,8,0
63,8,64,1,0
63,8,64,2,0
63,8,64,3,0
63,8,64,4,0
63,8,64,5,0
63,8,64,6,0
63,8,64,8,1
64,1,65,1,1
64,1,65,2,0
64,1,65,3,0
64,1,65,4,0
64,1,65,5,0
64,1,65,6,0
64,1,65,8,0
64,2,65,1,0
64,2,65,2,1
64,2,65,3,0
64,2,65,4,0
64,2,65,5,0
64,2,65,6,0
64,2,65,8,0
64,3,65,1,0
64,3,65,2,0
64,3,65,3,1
64,3,65,4,0
64,3,65,5,0
64,3,65,6,0
64,3,65,8,0
64,4,65,1,0
64,4,65,2,0
64,4,65,3,0
64,4,65,4,1
64,4,65,5,0
64,4,65,6,0
64,4,65,8,0
64,5,65,1,0
64,5,65,2,0
64,5,65,3,0
64,5,65,4,0
64,5,65,5,1
64,5,65,6,0
64,5,65,8,0
64,6,65,1,0
64,6,65,2,0
64,6,65,3,0
64,6,65,4,0
64,6,65,5,0
64,6,65,6,1
64,6,65,8,0
64,8,65,1,0
64,8,65,2,0
64,8,65,3,0
64,8,65,4,0
64,8,65,5,0
64,8,65,6,0
64,8,65,8,1
65,1,66,1,1
65,1,66,2,0
65,1,66,3,0
65,1,66,4,0
65,1,66,5,0
65,1,66,6,0
65,1,66,8,0
65,2,66,1,0
65,2,66,2,1
65,2,66,3,0
65,2,66,4,0
65,2,66,5,0
65,2,66,6,0
65,2,66,8,0
65,3,66,1,0
65,3,66,2,0
65,3,66,3,1
65,3,66,4,0
65,3,66,5,0
65,3,66,6,0
65,3,66,8,0
65,4,66,1,0
65,4,66,2,0
65,4,66,3,0
65,4,66,4,1
65,4,66,5,0
65,4,66,6,0
65,4,66,8,0
65,5,66,1,0
65,5,66,2,0
65,5,66,3,0
65,5,66,4,0
65,5,66,5,1
65,5,66,6,0
65,5,66,8,0
65,6,66,1,0
65,6,66,2,0
65,6,66,3,0
65,6,66,4,0
65,6,66,5,0
65,6,66,6,1
65,6,66,8,0
65,8,66,1,0
65,8,66,2,0
65,8,66,3,0
65,8,66,4,0
65,8,66,5,0
65,8,66,6,0
65,8,66,8,1
66,1,67,1,1
66,1,67,2,0
66,1,67,3,0
66,1,67,4,0
66,1,67,5,0
66,1,67,6,0
66,1,67,8,0
66,2,67,1,0
66,2,67,2,1
66,2,67,3,0
66,2,67,4,0
66,2,67,5,0
66,2,67,6,0
66,2,67,8,0
66,3,67,1,0
66,3,67,2,0
66,3,67,3,1
66,3,67,4,0
66,3,67,5,0
66,3,67,6,0
66,3,67,8,0
66,4,67,1,0
66,4,67,2,0
66,4,67,3,0
66,4,67,4,1
66,4,67,5,0
66,4,67,6,0
66,4,67,8,0
66,5,67,1,0
66,5,67,2,0
66,5,67,3,0
66,5,67,4,0
66,5,67,5,1
66,5,67,6,0
66,5,67,8,0
66,6,67,1,0
66,6,67,2,0
66,6,67,3,0
66,6,67,4,0
66,6,67,5,0
66,6,67,6,1
66,6,67,8,0
66,8,67,1,0
66,8,67,2,0
66,8,67,3,0
66,8,67,4,0
66,8,67,5,0
66,8,67,6,0
66,8,67,8,1
67,1,68,1,1
67,1,68,2,0
67,1,68,3,0
67,1,68,4,0
67,1,68,5,0
67,1,68,6,0
67,1,68,8,0
67,2,68,1,0
67,2,68,2,1
67,2,68,3,0
67,2,68,4,0
67,2,68,5,0
67,2,68,6,0
67,2,68,8,0
67,3,68,1,0
67,3,68,2,0
67,3,68,3,1
67,3,68,4,0
67,3,68,5,0
67,3,68,6,0
67,3,68,8,0
67,4,68,1,0
67,4,68,2,0
67,4,68,3,0
67,4,68,4,1
67,4,68,5,0
67,4,68,6,0
67,4,68,8,0
67,5,68,1,0
67,5,68,2,0
67,5,68,3,0
67,5,68,4,0
67,5,68,5,1
67,5,68,6,0
67,5,68,8,0
67,6,68,1,0
67,6,68,2,0
67,6,68,3,0
67,6,68,4,0
67,6,68,5,0
67,6,68,6,1
67,6,68,8,0
67,8,68,1,0
67,8,68,2,0
67,8,68,3,0
67,8,68,4,0
67,8,68,5,0
67,8,68,6,0
67,8,68,8,1
68,1,69,1,1
68,1,69,2,0
68,1,69,3,0
68,1,69,4,0
68,1,69,5,0
68,1,69,6,0
68,1,69,8,0
68,2,69,1,0
68,2,69,2,1
68,2,69,3,0
68,2,69,4,0
68,2,69,5,0
68,2,69,6,0
68,2,69,8,0
68,3,69,1,0
68,3,69,2,0
68,3,69,3,1
68,3,69,4,0
68,3,69,5,0
68,3,69,6,0
68,3,69,8,0
68,4,69,1,0
68,4,69,2,0
68,4,69,3,0
68,4,69,4,1
68,4,69,5,0
68,4,69,6,0
68,4,69,8,0
68,5,69,1,0
68,5,69,2,0
68,5,69,3,0
68,5,69,4,0
68,5,69,5,1
68,5,69,6,0
68,5,69,8,0
68,6,69,1,0
68,6,69,2,0
68,6,69,3,0
68,6,69,4,0
68,6,69,5,0
68,6,69,6,1
68,6,69,8,0
68,8,69,1,0
68,8,69,2,0
68,8,69,3,0
68,8,69,4,0
68,8,69,5,0
68,8,69,6,0
68,8,69,8,1
69,1,70,1,1
69,1,70,2,0
69,1,70,3,0
69,1,70,4,0
69,1,70,5,0
69,1,70,6,0
69,1,70,8,0
69,2,70,1,0
69,2,70,2,1
69,2,70,3,0
69,2,70,4,0
69,2,70,5,0
69,2,70,6,0
69,2,70,8,0
69,3,70,1,0
69,3,70,2,0
69,3,70,3,1
69,3,70,4,0
69,3,70,5,0
69,3,70,6,0
69,3,70,8,0
69,4,70,1,0
69,4,70,2,0
69,4,70,3,0
69,4,70,4,1
69,4,70,5,0
69,4,70,6,0
69,4,70,8,0
69,5,70,1,0
69,5,70,2,0
69,5,70,3,0
69,5,70,4,0
69,5,70,5,1
69,5,70,6,0
69,5,70,8,0
69,6,70,1,0
69,6,70,2,0
69,6,70,3,0
69,6,70,4,0
69,6,70,5,0
69,6,70,6,1
69,6,70,8,0
69,8,70,1,0
69,8,70,2,0
69,8,70,3,0
69,8,70,4,0
69,8,70,5,0
69,8,70,6,0
69,8,70,8,1
70,1,71,1,1
70,1,71,2,0
70,1,71,3,0
70,1,71,4,0
70,1,71,5,0
70,1,71,6,0
70,1,71,8,0
70,2,71,1,0
70,2,71,2,1
70,2,71,3,0
70,2,71,4,0
70,2,71,5,0
70,2,71,6,0
70,2,71,8,0
70,3,71,1,0
70,3,71,2,0
70,3,71,3,1
70,3,71,4,0
70,3,71,5,0
70,3,71,6,0
70,3,71,8,0
70,4,71,1,0
70,4,71,2,0
70,4,71,3,0
70,4,71,4,1
70,4,71,5,0
70,4,71,6,0
70,4,71,8,0
70,5,71,1,0
70,5,71,2,0
70,5,71,3,0
70,5,71,4,0
70,5,71,5,1
70,5,71,6,0
70,5,71,8,0
70,6,71,1,0
70,6,71,2,0
70,6,71,3,0
70,6,71,4,0
70,6,71,5,0
70,6,71,6,1
70,6,71,8,0
70,8,71,1,0
70,8,71,2,0
70,8,71,3,0
70,8,71,4,0
70,8,71,5,0
70,8,71,6,0
70,8,71,8,1
71,1,72,1,1
71,1,72,2,0
71,1,72,3,0
71,1,72,4,0
71,1,72,5,0
71,1,72,6,0
71,1,72,8,0
71,2,72,1,0
71,2,72,2,1
71,2,72,3,0
71,2,72,4,0
71,2,72,5,0
71,2,72,6,0
71,2,72,8,0
71,3,72,1,0
71,3,72,2,0
71,3,72,3,1
71,3,72,4,0
71,3,72,5,0
71,3,72,6,0
71,3,72,8,0
71,4,72,1,0
71,4,72,2,0
71,4,72,3,0
71,4,72,4,1
71,4,72,5,0
71,4,72,6,0
71,4,72,8,0
71,5,72,1,0
71,5,72,2,0
71,5,72,3,0
71,5,72,4,0
71,5,72,5,1
71,5,72,6,0
71,5,72,8,0
71,6,72,1,0
71,6,72,2,0
71,6,72,3,0
71,6,72,4,0
71,6,72,5,0
71,6,72,6,1
71,6,72,8,0
71,8,72,1,0
71,8,72,2,0
71,8,72,3,0
71,8,72,4,0
71,8,72,5,0
71,8,72,6,0
71,8,72,8,1
72,1,73,1,1
72,1,73,2,0
72,1,73,3,0
72,1,73,4,0
72,1,73,5,0
72,1,73,6,0
72,1,73,8,0
72,2,73,1,0
72,2,73,2,1
72,2,73,3,0
72,2,73,4,0
72,2,73,5,0
72,2,73,6,0
72,2,73,8,0
72,3,73,1,0
72,3,73,2,0
72,3,73,3,1
72,3,73,4,0
72,3,73,5,0
72,3,73,6,0
72,3,73,8,0
72,4,73,1,0
72,4,73,2,0
72,4,73,3,0
72,4,73,4,1
72,4,73,5,0
72,4,73,6,0
72,4,73,8,0
72,5,73,1,0
72,5,73,2,0
72,5,73,3,0
72,5,73,4,0
72,5,73,5,1
72,5,73,6,0
72,5,73,8,0
72,6,73,1,0
72,6,73,2,0
72,6,73,3,0
72,6,73,4,0
72,6,73,5,0
72,6,73,6,1
72,6,73,8,0
72,8,73,1,0
72,8,73,2,0
72,8,73,3,0
72,8,73,4,0
72,8,73,5,0
72,8,73,6,0
72,8,73,8,1
73,1,74,1,1
73,1,74,2,0
73,1,74,3,0
73,1,74,4,0
73,1,74,5,0
73,1,74,6,0
73,1,74,8,0
73,2,74,1,0
73,2,74,2,1
73,2,74,3,0
73,2,74,4,0
73,2,74,5,0
73,2,74,6,0
73,2,74,8,0
73,3,74,1,0
73,3,74,2,0
73,3,74,3,1
73,3,74,4,0
73,3,74,5,0
73,3,74,6,0
73,3,74,8,0
73,4,74,1,0
73,4,74,2,0
73,4,74,3,0
73,4,74,4,1
73,4,74,5,0
73,4,74,6,0
73,4,74,8,0
73,5,74,1,0
73,5,74,2,0
73,5,74,3,0
73,5,74,4,0
73,5,74,5,1
73,5,74,6,0
73,5,74,8,0
73,6,74,1,0
73,6,74,2,0
73,6,74,3,0
73,6,74,4,0
73,6,74,5,0
73,6,74,6,1
73,6,74,8,0
73,8,74,1,0
73,8,74,2,0
73,8,74,3,0
73,8,74,4,0
73,8,74,5,0
73,8,74,6,0
73,8,74,8,1
74,1,75,1,1
74,1,75,2,0
74,1,75,3,0
74,1,75,4,0
74,1,75,5,0
74,1,75,6,0
74,1,75,8,0
74,2,75,1,0
74,2,75,2,1
74,2,75,3,0
74,2,75,4,0
74,2,75,5,0
74,2,75,6,0
74,2,75,8,0
74,3,75,1,0
74,3,75,2,0
74,3,75,3,1
74,3,75,4,0
74,3,75,5,0
74,3,75,6,0
74,3,75,8,0
74,4,75,1,0
74,4,75,2,0
74,4,75,3,0
74,4,75,4,1
74,4,75,5,0
74,4,75,6,0
74,4,75,8,0
74,5,75,1,0
74,5,75,2,0
74,5,75,3,0
74,5,75,4,0
74,5,75,5,1
74,5,75,6,0
74,5,75,8,0
74,6,75,1,0
74,6,75,2,0
74,6,75,3,0
74,6,75,4,0
74,6,75,5,0
74,6,75,6,1
74,6,75,8,0
74,8,75,1,0
74,8,75,2,0
74,8,75,3,0
74,8,75,4,0
74,8,75,5,0
74,8,75,6,0
74,8,75,8,1
75,1,76,1,1
75,1,76,2,0
75,1,76,3,0
75,1,76,4,0
75,1,76,5,0
75,1,76,6,0
75,1,76,8,0
75,2,76,1,0
75,2,76,2,1
75,2,76,3,0
75,2,76,4,0
75,2,76,5,0
75,2,76,6,0
75,2,76,8,0
75,3,76,1,0
75,3,76,2,0
75,3,76,3,1
75,3,76,4,0
75,3,76,5,0
75,3,76,6,0
75,3,76,8,0
75,4,76,1,0
75,4,76,2,0
75,4,76,3,0
75,4,76,4,1
75,4,76,5,0
75,4,76,6,0
75,4,76,8,0
75,5,76,1,0
75,5,76,2,0
75,5,76,3,0
75,5,76,4,0
75,5,76,5,1
75,5,76,6,0
75,5,76,8,0
75,6,76,1,0
75,6,76,2,0
75,6,76,3,0
75,6,76,4,0
75,6,76,5,0
75,6,76,6,1
75,6,76,8,0
75,8,76,1,0
75,8,76,2,0
75,8,76,3,0
75,8,76,4,0
75,8,76,5,0
75,8,76,6,0
75,8,76,8,1
76,1,77,1,1
76,1,77,2,0
76,1,77,3,0
76,1,77,4,0
76,1,77,5,0
76,1,77,6,0
76,1,77,8,0
76,2,77,1,0
76,2,77,2,1
76,2,77,3,0
76,2,77,4,0
76,2,77,5,0
76,2,77,6,0
76,2,77,8,0
76,3,77,1,0
76,3,77,2,0
76,3,77,3,1
76,3,77,4,0
76,3,77,5,0
76,3,77,6,0
76,3,77,8,0
76,4,77,1,0
76,4,77,2,0
76,4,77,3,0
76,4,77,4,1
76,4,77,5,0
76,4,77,6,0
76,4,77,8,0
76,5,77,1,0
76,5,77,2,0
76,5,77,3,0
76,5,77,4,0
76,5,77,5,1
76,5,77,6,0
76,5,77,8,0
76,6,77,1,0
76,6,77,2,0
76,6,77,3,0
76,6,77,4,0
76,6,77,5,0
76,6,77,6,1
76,6,77,8,0
76,8,77,1,0
76,8,77,2,0
76,8,77,3,0
76,8,77,4,0
76,8,77,5,0
76,8,77,6,0
76,8,77,8,1
77,1,78,1,1
77,1,78,2,0
77,1,78,3,0
77,1,78,4,0
77,1,78,5,0
77,1,78,6,0
77,1,78,8,0
77,2,78,1,0
77,2,78,2,1
77,2,78,3,0
77,2,78,4,0
77,2,78,5,0
77,2,78,6,0
77,2,78,8,0
77,3,78,1,0
77,3,78,2,0
77,3,78,3,1
77,3,78,4,0
77,3,78,5,0
77,3,78,6,0
77,3,78,8,0
77,4,78,1,0
77,4,78,2,0
77,4,78,3,0
77,4,78,4,1
77,4,78,5,0
77,4,78,6,0
77,4,78,8,0
77,5,78,1,0
77,5,78,2,0
77,5,78,3,0
77,5,78,4,0
77,5,78,5,1
77,5,78,6,0
77,5,78,8,0
77,6,78,1,0
77,6,78,2,0
77,6,78,3,0
77,6,78,4,0
77,6,78,5,0
77,6,78,6,1
77,6,78,8,0
77,8,78,1,0
77,8,78,2,0
77,8,78,3,0
77,8,78,4,0
77,8,78,5,0
77,8,78,6,0
77,8,78,8,1
78,1,79,1,1
78,1,79,2,0
78,1,79,3,0
78,1,79,4,0
78,1,79,5,0
78,1,79,6,0
78,1,79,8,0
78,2,79,1,0
78,2,79,2,1
78,2,79,3,0
78,2,79,4,0
78,2,79,5,0
78,2,79,6,0
78,2,79,8,0
78,3,79,1,0
78,3,79,2,0
78,3,79,3,1
78,3,79,4,0
78,3,79,5,0
78,3,79,6,0
78,3,79,8,0
78,4,79,1,0
78,4,79,2,0
78,4,79,3,0
78,4,79,4,1
78,4,79,5,0
78,4,79,6,0
78,4,79,8,0
78,5,79,1,0
78,5,79,2,0
78,5,79,3,0
78,5,79,4,0
78,5,79,5,1
78,5,79,6,0
78,5,79,8,0
78,6,79,1,0
78,6,79,2,0
78,6,79,3,0
78,6,79,4,0
78,6,79,5,0
78,6,79,6,1
78,6,79,8,0
78,8,79,1,0
78,8,79,2,0
78,8,79,3,0
78,8,79,4,0
78,8,79,5,0
78,8,79,6,0
78,8,79,8,1
79,1,80,1,1
79,1,80,2,0
79,1,80,3,0
79,1,80,4,0
79,1,80,5,0
79,1,80,6,0
79,1,80,8,0
79,2,80,1,0
79,2,80,2,1
79,2,80,3,0
79,2,80,4,0
79,2,80,5,0
79,2,80,6,0
79,2,80,8,0
79,3,80,1,0
79,3,80,2,0
79,3,80,3,1
79,3,80,4,0
79,3,80,5,0
79,3,80,6,0
79,3,80,8,0
79,4,80,1,0
79,4,80,2,0
79,4,80,3,0
79,4,80,4,1
79,4,80,5,0
79,4,80,6,0
79,4,80,8,0
79,5,80,1,0
79,5,80,2,0
79,5,80,3,0
79,5,80,4,0
79,5,80,5,1
79,5,80,6,0
79,5,80,8,0
79,6,80,1,0
79,6,80,2,0
79,6,80,3,0
79,6,80,4,0
79,6,80,5,0
79,6,80,6,1
79,6,80,8,0
79,8,80,1,0
79,8,80,2,0
79,8,80,3,0
79,8,80,4,0
79,8,80,5,0
79,8,80,6,0
79,8,80,8,1
80,1,81,1,1
80,1,81,2,0
80,1,81,3,0
80,1,81,4,0
80,1,81,5,0
80,1,81,6,0
80,1,81,8,0
80,2,81,1,0
80,2,81,2,1
80,2,81,3,0
80,2,81,4,0
80,2,81,5,0
80,2,81,6,0
80,2,81,8,0
80,3,81,1,0
80,3,81,2,0
80,3,81,3,1
80,3,81,4,0
80,3,81,5,0
80,3,81,6,0
80,3,81,8,0
80,4,81,1,0
80,4,81,2,0
80,4,81,3,0
80,4,81,4,1
80,4,81,5,0
80,4,81,6,0
80,4,81,8,0
80,5,81,1,0
80,5,81,2,0
80,5,81,3,0
80,5,81,4,0
80,5,81,5,1
80,5,81,6,0
80,5,81,8,0
80,6,81,1,0
80,6,81,2,0
80,6,81,3,0
80,6,81,4,0
80,6,81,5,0
80,6,81,6,1
80,6,81,8,0
80,8,81,1,0
80,8,81,2,0
80,8,81,3,0
80,8,81,4,0
80,8,81,5,0
80,8,81,6,0
80,8,81,8,1
81,1,82,1,1
81,1,82,2,0
81,1,82,3,0
81,1,82,4,0
81,1,82,5,0
81,1,82,6,0
81,1,82,8,0
81,2,82,1,0
81,2,82,2,1
81,2,82,3,0
81,2,82,4,0
81,2,82,5,0
81,2,82,6,0
81,2,82,8,0
81,3,82,1,0
81,3,82,2,0
81,3,82,3,1
81,3,82,4,0
81,3,82,5,0
81,3,82,6,0
81,3,82,8,0
81,4,82,1,0
81,4,82,2,0
81,4,82,3,0
81,4,82,4,1
81,4,82,5,0
81,4,82,6,0
81,4,82,8,0
81,5,82,1,0
81,5,82,2,0
81,5,82,3,0
81,5,82,4,0
81,5,82,5,1
81,5,82,6,0
81,5,82,8,0
81,6,82,1,0
81,6,82,2,0
81,6,82,3,0
81,6,82,4,0
81,6,82,5,0
81,6,82,6,1
81,6,82,8,0
81,8,82,1,0
81,8,82,2,0
81,8,82,3,0
81,8,82,4,0
81,8,82,5,0
81,8,82,6,0
81,8,82,8,1
82,1,83,1,1
82,1,83,2,0
82,1,83,3,0
82,1,83,4,0
82,1,83,5,0
82,1,83,6,0
82,1,83,8,0
82,2,83,1,0
82,2,83,2,1
82,2,83,3,0
82,2,83,4,0
82,2,83,5,0
82,2,83,6,0
82,2,83,8,0
82,3,83,1,0
82,3,83,2,0
82,3,83,3,1
82,3,83,4,0
82,3,83,5,0
82,3,83,6,0
82,3,83,8,0
82,4,83,1,0
82,4,83,2,0
82,4,83,3,0
82,4,83,4,1
82,4,83,5,0
82,4,83,6,0
82,4,83,8,0
82,5,83,1,0
82,5,83,2,0
82,5,83,3,0
82,5,83,4,0
82,5,83,5,1
82,5,83,6,0
82,5,83,8,0
82,6,83,1,0
82,6,83,2,0
82,6,83,3,0
82,6,83,4,0
82,6,83,5,0
82,6,83,6,1
82,6,83,8,0
82,8,83,1,0
82,8,83,2,0
82,8,83,3,0
82,8,83,4,0
82,8,83,5,0
82,8,83,6,0
82,8,83,8,1
83,1,84,1,1
83,1,84,2,0
83,1,84,3,0
83,1,84,4,0
83,1,84,5,0
83,1,84,6,0
83,1,84,8,0
83,2,84,1,0
83,2,84,2,1
83,2,84,3,0
83,2,84,4,0
83,2,84,5,0
83,2,84,6,0
83,2,84,8,0
83,3,84,1,0
83,3,84,2,0
83,3,84,3,1
83,3,84,4,0
83,3,84,5,0
83,3,84,6,0
83,3,84,8,0
83,4,84,1,0
83,4,84,2,0
83,4,84,3,0
83,4,84,4,1
83,4,84,5,0
83,4,84,6,0
83,4,84,8,0
83,5,84,1,0
83,5,84,2,0
83,5,84,3,0
83,5,84,4,0
83,5,84,5,1
83,5,84,6,0
83,5,84,8,0
83,6,84,1,0
83,6,84,2,0
83,6,84,3,0
83,6,84,4,0
83,6,84,5,0
83,6,84,6,1
83,6,84,8,0
83,8,84,1,0
83,8,84,2,0
83,8,84,3,0
83,8,84,4,0
83,8,84,5,0
83,8,84,6,0
83,8,84,8,1
84,1,85,1,1
84,1,85,2,0
84,1,85,3,0
84,1,85,4,0
84,1,85,5,0
84,1,85,6,0
84,1,85,8,0
84,2,85,1,0
84,2,85,2,1
84,2,85,3,0
84,2,85,4,0
84,2,85,5,0
84,2,85,6,0
84,2,85,8,0
84,3,85,1,0
84,3,85,2,0
84,3,85,3,1
84,3,85,4,0
84,3,85,5,0
84,3,85,6,0
84,3,85,8,0
84,4,85,1,0
84,4,85,2,0
84,4,85,3,0
84,4,85,4,1
84,4,85,5,0
84,4,85,6,0
84,4,85,8,0
84,5,85,1,0
84,5,85,2,0
84,5,85,3,0
84,5,85,4,0
84,5,85,5,1
84,5,85,6,0
84,5,85,8,0
84,6,85,1,0
84,6,85,2,0
84,6,85,3,0
84,6,85,4,0
84,6,85,5,0
84,6,85,6,1
84,6,85,8,0
84,8,85,1,0
84,8,85,2,0
84,8,85,3,0
84,8,85,4,0
84,8,85,5,0
84,8,85,6,0
84,8,85,8,1
85,1,86,1,1
85,1,86,2,0
85,1,86,3,0
85,1,86,4,0
85,1,86,5,0
85,1,86,6,0
85,1,86,8,0
85,2,86,1,0
85,2,86,2,1
85,2,86,3,0
85,2,86,4,0
85,2,86,5,0
85,2,86,6,0
85,2,86,8,0
85,3,86,1,0
85,3,86,2,0
85,3,86,3,1
85,3,86,4,0
85,3,86,5,0
85,3,86,6,0
85,3,86,8,0
85,4,86,1,0
85,4,86,2,0
85,4,86,3,0
85,4,86,4,1
85,4,86,5,0
85,4,86,6,0
85,4,86,8,0
85,5,86,1,0
85,5,86,2,0
85,5,86,3,0
85,5,86,4,0
85,5,86,5,1
85,5,86,6,0
85,5,86,8,0
85,6,86,1,0
85,6,86,2,0
85,6,86,3,0
85,6,86,4,0
85,6,86,5,0
85,6,86,6,1
85,6,86,8,0
85,8,86,1,0
85,8,86,2,0
85,8,86,3,0
85,8,86,4,0
85,8,86,5,0
85,8,86,6,0
85,8,86,8,1
86,1,87,1,1
86,1,87,2,0
86,1,87,3,0
86,1,87,4,0
86,1,87,5,0
86,1,87,6,0
86,1,87,8,0
86,2,87,1,0
86,2,87,2,1
86,2,87,3,0
86,2,87,4,0
86,2,87,5,0
86,2,87,6,0
86,2,87,8,0
86,3,87,1,0
86,3,87,2,0
86,3,87,3,1
86,3,87,4,0
86,3,87,5,0
86,3,87,6,0
86,3,87,8,0
86,4,87,1,0
86,4,87,2,0
86,4,87,3,0
86,4,87,4,1
86,4,87,5,0
86,4,87,6,0
86,4,87,8,0
86,5,87,1,0
86,5,87,2,0
86,5,87,3,0
86,5,87,4,0
86,5,87,5,1
86,5,87,6,0
86,5,87,8,0
86,6,87,1,0
86,6,87,2,0
86,6,87,3,0
86,6,87,4,0
86,6,87,5,0
86,6,87,6,1
86,6,87,8,0
86,8,87,1,0
86,8,87,2,0
86,8,87,3,0
86,8,87,4,0
86,8,87,5,0
86,8,87,6,0
86,8,87,8,1
87,1,88,1,1
87,1,88,2,0
87,1,88,3,0
87,1,88,4,0
87,1,88,5,0
87,1,88,6,0
87,1,88,8,0
87,2,88,1,0
87,2,88,2,1
87,2,88,3,0
87,2,88,4,0
87,2,88,5,0
87,2,88,6,0
87,2,88,8,0
87,3,88,1,0
87,3,88,2,0
87,3,88,3,1
87,3,88,4,0
87,3,88,5,0
87,3,88,6,0
87,3,88,8,0
87,4,88,1,0
87,4,88,2,0
87,4,88,3,0
87,4,88,4,1
87,4,88,5,0
87,4,88,6,0
87,4,88,8,0
87,5,88,1,0
87,5,88,2,0
87,5,88,3,0
87,5,88,4,0
87,5,88,5,1
87,5,88,6,0
87,5,88,8,0
87,6,88,1,0
87,6,88,2,0
87,6,88,3,0
87,6,88,4,0
87,6,88,5,0
87,6,88,6,1
87,6,88,8,0
87,8,88,1,0
87,8,88,2,0
87,8,88,3,0
87,8,88,4,0
87,8,88,5,0
87,8,88,6,0
87,8,88,8,1
88,1,89,1,1
88,1,89,2,0
88,1,89,3,0
88,1,89,4,0
88,1,89,5,0
88,1,89,6,0
88,1,89,8,0
88,2,89,1,0
88,2,89,2,1
88,2,89,3,0
88,2,89,4,0
88,2,89,5,0
88,2,89,6,0
88,2,89,8,0
88,3,89,1,0
88,3,89,2,0
88,3,89,3,1
88,3,89,4,0
88,3,89,5,0
88,3,89,6,0
88,3,89,8,0
88,4,89,1,0
88,4,89,2,0
88,4,89,3,0
88,4,89,4,1
88,4,89,5,0
88,4,89,6,0
88,4,89,8,0
88,5,89,1,0
88,5,89,2,0
88,5,89,3,0
88,5,89,4,0
88,5,89,5,1
88,5,89,6,0
88,5,89,8,0
88,6,89,1,0
88,6,89,2,0
88,6,89,3,0
88,6,89,4,0
88,6,89,5,0
88,6,89,6,1
88,6,89,8,0
88,8,89,1,0
88,8,89,2,0
88,8,89,3,0
88,8,89,4,0
88,8,89,5,0
88,8,89,6,0
88,8,89,8,1
89,1,90,1,1
89,1,90,2,0
89,1,90,3,0
89,1,90,4,0
89,1,90,5,0
89,1,90,6,0
89,1,90,8,0
89,2,90,1,0
89,2,90,2,1
89,2,90,3,0
89,2,90,4,0
89,2,90,5,0
89,2,90,6,0
89,2,90,8,0
89,3,90,1,0
89,3,90,2,0
89,3,90,3,1
89,3,90,4,0
89,3,90,5,0
89,3,90,6,0
89,3,90,8,0
89,4,90,1,0
89,4,90,2,0
89,4,90,3,0
89,4,90,4,1
89,4,90,5,0
89,4,90,6,0
89,4,90,8,0
89,5,90,1,0
89,5,90,2,0
89,5,90,3,0
89,5,90,4,0
89,5,90,5,1
89,5,90,6,0
89,5,90,8,0
89,6,90,1,0
89,6,90,2,0
89,6,90,3,0
89,6,90,4,0
89,6,90,5,0
89,6,90,6,1
89,6,90,8,0
89,8,90,1,0
89,8,90,2,0
89,8,90,3,0
89,8,90,4,0
89,8,90,5,0
89,8,90,6,0
89,8,90,8,1
90,1,91,1,1
90,1,91,2,0
90,1,91,3,0
90,1,91,4,0
90,1,91,5,0
90,1,91,6,0
90,1,91,8,0
90,2,91,1,0
90,2,91,2,1
90,2,91,3,0
90,2,91,4,0
90,2,91,5,0
90,2,91,6,0
90,2,91,8,0
90,3,91,1,0
90,3,91,2,0
90,3,91,3,1
90,3,91,4,0
90,3,91,5,0
90,3,91,6,0
90,3,91,8,0
90,4,91,1,0
90,4,91,2,0
90,4,91,3,0
90,4,91,4,1
90,4,91,5,0
90,4,91,6,0
90,4,91,8,0
90,5,91,1,0
90,5,91,2,0
90,5,91,3,0
90,5,91,4,0
90,5,91,5,1
90,5,91,6,0
90,5,91,8,0
90,6,91,1,0
90,6,91,2,0
90,6,91,3,0
90,6,91,4,0
90,6,91,5,0
90,6,91,6,1
90,6,91,8,0
90,8,91,1,0
90,8,91,2,0
90,8,91,3,0
90,8,91,4,0
90,8,91,5,0
90,8,91,6,0
90,8,91,8,1
91,1,92,1,1
91,1,92,2,0
91,1,92,3,0
91,1,92,4,0
91,1,92,5,0
91,1,92,6,0
91,1,92,8,0
91,2,92,1,0
91,2,92,2,1
91,2,92,3,0
91,2,92,4,0
91,2,92,5,0
91,2,92,6,0
91,2,92,8,0
91,3,92,1,0
91,3,92,2,0
91,3,92,3,1
91,3,92,4,0
91,3,92,5,0
91,3,92,6,0
91,3,92,8,0
91,4,92,1,0
91,4,92,2,0
91,4,92,3,0
91,4,92,4,1
91,4,92,5,0
91,4,92,6,0
91,4,92,8,0
91,5,92,1,0
91,5,92,2,0
91,5,92,3,0
91,5,92,4,0
91,5,92,5,1
91,5,92,6,0
91,5,92,8,0
91,6,92,1,0
91,6,92,2,0
91,6,92,3,0
91,6,92,4,0
91,6,92,5,0
91,6,92,6,1
91,6,92,8,0
91,8,92,1,0
91,8,92,2,0
91,8,92,3,0
91,8,92,4,0
91,8,92,5,0
91,8,92,6,0
91,8,92,8,1
92,1,93,1,1
92,1,93,2,0
92,1,93,3,0
92,1,93,4,0
92,1,93,5,0
92,1,93,6,0
92,1,93,8,0
92,2,93,1,0
92,2,93,2,1
92,2,93,3,0
92,2,93,4,0
92,2,93,5,0
92,2,93,6,0
92,2,93,8,0
92,3,93,1,0
92,3,93,2,0
92,3,93,3,1
92,3,93,4,0
92,3,93,5,0
92,3,93,6,0
92,3,93,8,0
92,4,93,1,0
92,4,93,2,0
92,4,93,3,0
92,4,93,4,1
92,4,93,5,0
92,4,93,6,0
92,4,93,8,0
92,5,93,1,0
92,5,93,2,0
92,5,93,3,0
92,5,93,4,0
92,5,93,5,1
92,5,93,6,0
92,5,93,8,0
92,6,93,1,0
92,6,93,2,0
92,6,93,3,0
92,6,93,4,0
92,6,93,5,0
92,6,93,6,1
92,6,93,8,0
92,8,93,1,0
92,8,93,2,0
92,8,93,3,0
92,8,93,4,0
92,8,93,5,0
92,8,93,6,0
92,8,93,8,1
93,1,94,1,1
93,1,94,2,0
93,1,94,3,0
93,1,94,4,0
93,1,94,5,0
93,1,94,6,0
93,1,94,8,0
93,2,94,1,0
93,2,94,2,1
93,2,94,3,0
93,2,94,4,0
93,2,94,5,0
93,2,94,6,0
93,2,94,8,0
93,3,94,1,0
93,3,94,2,0
93,3,94,3,1
93,3,94,4,0
93,3,94,5,0
93,3,94,6,0
93,3,94,8,0
93,4,94,1,0
93,4,94,2,0
93,4,94,3,0
93,4,94,4,1
93,4,94,5,0
93,4,94,6,0
93,4,94,8,0
93,5,94,1,0
93,5,94,2,0
93,5,94,3,0
93,5,94,4,0
93,5,94,5,1
93,5,94,6,0
93,5,94,8,0
93,6,94,1,0
93,6,94,2,0
93,6,94,3,0
93,6,94,4,0
93,6,94,5,0
93,6,94,6,1
93,6,94,8,0
93,8,94,1,0
93,8,94,2,0
93,8,94,3,0
93,8,94,4,0
93,8,94,5,0
93,8,94,6,0
93,8,94,8,1
94,1,95,1,1
94,1,95,2,0
94,1,95,3,0
94,1,95,4,0
94,1,95,5,0
94,1,95,6,0
94,1,95,8,0
94,2,95,1,0
94,2,95,2,1
94,2,95,3,0
94,2,95,4,0
94,2,95,5,0
94,2,95,6,0
94,2,95,8,0
94,3,95,1,0
94,3,95,2,0
94,3,95,3,1
94,3,95,4,0
94,3,95,5,0
94,3,95,6,0
94,3,95,8,0
94,4,95,1,0
94,4,95,2,0
94,4,95,3,0
94,4,95,4,1
94,4,95,5,0
94,4,95,6,0
94,4,95,8,0
94,5,95,1,0
94,5,95,2,0
94,5,95,3,0
94,5,95,4,0
94,5,95,5,1
94,5,95,6,0
94,5,95,8,0
94,6,95,1,0
94,6,95,2,0
94,6,95,3,0
94,6,95,4,0
94,6,95,5,0
94,6,95,6,1
94,6,95,8,0
94,8,95,1,0
94,8,95,2,0
94,8,95,3,0
94,8,95,4,0
94,8,95,5,0
94,8,95,6,0
94,8,95,8,1
95,1,96,1,1
95,1,96,2,0
95,1,96,3,0
95,1,96,4,0
95,1,96,5,0
95,1,96,6,0
95,1,96,8,0
95,2,96,1,0
95,2,96,2,1
95,2,96,3,0
95,2,96,4,0
95,2,96,5,0
95,2,96,6,0
95,2,96,8,0
95,3,96,1,0
95,3,96,2,0
95,3,96,3,1
95,3,96,4,0
95,3,96,5,0
95,3,96,6,0
95,3,96,8,0
95,4,96,1,0
95,4,96,2,0
95,4,96,3,0
95,4,96,4,1
95,4,96,5,0
95,4,96,6,0
95,4,96,8,0
95,5,96,1,0
95,5,96,2,0
95,5,96,3,0
95,5,96,4,0
95,5,96,5,1
95,5,96,6,0
95,5,96,8,0
95,6,96,1,0
95,6,96,2,0
95,6,96,3,0
95,6,96,4,0
95,6,96,5,0
95,6,96,6,1
95,6,96,8,0
95,8,96,1,0
95,8,96,2,0
95,8,96,3,0
95,8,96,4,0
95,8,96,5,0
95,8,96,6,0
95,8,96,8,1
96,1,97,1,1
96,1,97,2,0
96,1,97,3,0
96,1,97,4,0
96,1,97,5,0
96,1,97,6,0
96,1,97,8,0
96,2,97,1,0
96,2,97,2,1
96,2,97,3,0
96,2,97,4,0
96,2,97,5,0
96,2,97,6,0
96,2,97,8,0
96,3,97,1,0
96,3,97,2,0
96,3,97,3,1
96,3,97,4,0
96,3,97,5,0
96,3,97,6,0
96,3,97,8,0
96,4,97,1,0
96,4,97,2,0
96,4,97,3,0
96,4,97,4,1
96,4,97,5,0
96,4,97,6,0
96,4,97,8,0
96,5,97,1,0
96,5,97,2,0
96,5,97,3,0
96,5,97,4,0
96,5,97,5,1
96,5,97,6,0
96,5,97,8,0
96,6,97,1,0
96,6,97,2,0
96,6,97,3,0
96,6,97,4,0
96,6,97,5,0
96,6,97,6,1
96,6,97,8,0
96,8,97,1,0
96,8,97,2,0
96,8,97,3,0
96,8,97,4,0
96,8,97,5,0
96,8,97,6,0
96,8,97,8,1
97,1,98,1,1
97,1,98,2,0
97,1,98,3,0
97,1,98,4,0
97,1,98,5,0
97,1,98,6,0
97,1,98,8,0
97,2,98,1,0
97,2,98,2,1
97,2,98,3,0
97,2,98,4,0
97,2,98,5,0
97,2,98,6,0
97,2,98,8,0
97,3,98,1,0
97,3,98,2,0
97,3,98,3,1
97,3,98,4,0
97,3,98,5,0
97,3,98,6,0
97,3,98,8,0
97,4,98,1,0
97,4,98,2,0
97,4,98,3,0
97,4,98,4,1
97,4,98,5,0
97,4,98,6,0
97,4,98,8,0
97,5,98,1,0
97,5,98,2,0
97,5,98,3,0
97,5,98,4,0
97,5,98,5,1
97,5,98,6,0
97,5,98,8,0
97,6,98,1,0
97,6,98,2,0
97,6,98,3,0
97,6,98,4,0
97,6,98,5,0
97,6,98,6,1
97,6,98,8,0
97,8,98,1,0
97,8,98,2,0
97,8,98,3,0
97,8,98,4,0
97,8,98,5,0
97,8,98,6,0
97,8,98,8,1
98,1,99,1,1
98,1,99,2,0
98,1,99,3,0
98,1,99,4,0
98,1,99,5,0
98,1,99,6,0
98,1,99,8,0
98,2,99,1,0
98,2,99,2,1
98,2,99,3,0
98,2,99,4,0
98,2,99,5,0
98,2,99,6,0
98,2,99,8,0
98,3,99,1,0
98,3,99,2,0
98,3,99,3,1
98,3,99,4,0
98,3,99,5,0
98,3,99,6,0
98,3,99,8,0
98,4,99,1,0
98,4,99,2,0
98,4,99,3,0
98,4,99,4,1
98,4,99,5,0
98,4,99,6,0
98,4,99,8,0
98,5,99,1,0
98,5,99,2,0
98,5,99,3,0
98,5,99,4,0
98,5,99,5,1
98,5,99,6,0
98,5,99,8,0
98,6,99,1,0
98,6,99,2,0
98,6,99,3,0
98,6,99,4,0
98,6,99,5,0
98,6,99,6,1
98,6,99,8,0
98,8,99,1,0
98,8,99,2,0
98,8,99,3,0
98,8,99,4,0
98,8,99,5,0
98,8,99,6,0
98,8,99,8,1
99,1,100,1,1
99,1,100,2,0
99,1,100,3,0
99,1,100,4,0
99,1,100,5,0
99,1,100,6,0
99,1,100,8,0
99,2,100,1,0
99,2,100,2,1
99,2,100,3,0
99,2,100,4,0
99,2,100,5,0
99,2,100,6,0
99,2,100,8,0
99,3,100,1,0
99,3,100,2,0
99,3,100,3,1
99,3,100,4,0
99,3,100,5,0
99,3,100,6,0
99,3,100,8,0
99,4,100,1,0
99,4,100,2,0
99,4,100,3,0
99,4,100,4,1
99,4,100,5,0
99,4,100,6,0
99,4,100,8,0
99,5,100,1,0
99,5,100,2,0
99,5,100,3,0
99,5,100,4,0
99,5,100,5,1
99,5,100,6,0
99,5,100,8,0
99,6,100,1,0
99,6,100,2,0
99,6,100,3,0
99,6,100,4,0
99,6,100,5,0
99,6,100,6,1
99,6,100,8,0
99,8,100,1,0
99,8,100,2,0
99,8,100,3,0
99,8,100,4,0
99,8,100,5,0
99,8,100,6,0
99,8,100,8,1
