all_stack_cell_id,all_stack_centroid_x,all_stack_centroid_y,all_stack_frame_nb
1,186.166666666667,1005.19014084507,1
1,184.748120300752,1006.06140350877,2
1,181.010526315789,1007.02631578947,3
1,180.067567567568,1007.54864864865,4
1,180.439682539683,1009.34126984127,5
1,180.93143812709,1009.84782608696,6
1,183.040145985401,1009.67518248175,7
1,185.455223880597,1009.13432835821,8
1,187.255244755245,1009.31818181818,9
1,186.050458715596,1008.02599388379,10
1,185.718934911243,1007.29289940828,11
1,185.5,1006.67816091954,12
1,183.319718309859,1006.03521126761,13
1,182.58077994429,1005.75626740947,14
1,179.505464480874,1005.42896174863,15
1,179.715297450425,1006.37252124646,16
1,181.959459459459,1006.51081081081,17
1,184.097765363129,1006.24860335196,18
1,184.692771084337,1007.26506024096,19
1,183.608843537415,1009.43197278912,20
1,184.13122923588,1009.93189368771,21
1,180.601265822785,1009.8164556962,22
1,178.574324324324,1009.79054054054,23
1,176.805841924399,1009.5412371134,24
1,176.888157894737,1008.84210526316,25
1,178.527397260274,1009.07534246575,26
1,179.686851211073,1009.16089965398,27
1,179.983985765125,1009.5,28
1,181.888888888889,1010.05555555556,29
1,186.504291845494,1010.02360515021,30
2,255.315592203898,267.598950524738,1
2,258.357771260997,265.065982404692,2
2,259.793644996348,263.017896274653,3
2,262.319695872556,259.793989862419,4
2,265.875,257.751436781609,5
2,271.093023255814,257.146802325581,6
2,276.010028653295,255.76217765043,7
2,280.622708039492,256.171368124118,8
2,284.047752808989,255.90308988764,9
2,285.154251581167,256.582220660576,10
2,286.320371644873,257.787680660702,11
2,286.418732782369,258.230027548209,12
2,286.343123704216,260.358327574292,13
2,286.245762711864,262.487118644068,14
2,285.303020354563,267.075837163493,15
2,284.49477124183,269.109150326797,16
2,284.129227823867,271.298340778558,17
2,283.676092544987,271.598971722365,18
2,284.101307189542,271.103921568627,19
2,283.742464835901,271.336570663094,20
2,283.64295532646,269.49175257732,21
2,282.513314646111,268.399789768746,22
2,282.314380044021,268.370139398386,23
2,283.282512858192,267.730712711242,24
2,284.258928571429,267.775297619048,25
2,286.322174226062,268.49064074874,26
2,289.047898001378,271.759131633356,27
2,292.40873015873,273.558201058201,28
2,293.464774951076,274.291911285062,29
2,294.44,276.68,30
3,405.520338983051,369.272397094431,1
3,405.512506012506,370.222462722463,2
3,404.804594978683,372.290146849834,3
3,404.736328125,373.0478515625,4
3,405.029118964659,373.468143354903,5
3,405.355302279485,375.219524281467,6
3,403.871954251616,377.861014420686,7
3,403.317136886102,380.106060606061,8
3,404.14795667159,383.004677498769,9
3,402.486117759694,384.494734322642,10
3,398.785028790787,385.79462571977,11
3,393.032745006967,388.358337203902,12
3,387.891595033429,391.548710601719,13
3,383.274253731343,393.250932835821,14
3,381.771547729379,393.650139017609,15
3,381.361773117255,394.406577693041,16
3,380.999021526419,395.095890410959,17
3,381.910082404266,395.270237518177,18
3,382.7080078125,395.486328125,19
3,382.701985111663,395.593300248139,20
3,383.262258543834,395.123576027736,21
3,383.37227572225,394.595793208312,22
3,381.583746556474,394.842148760331,23
3,380.431614349776,394.896860986547,24
3,380.088433464346,395.593206064009,25
3,381.082571274879,396.826519634212,26
3,380.615525352849,397.303450078411,27
3,377.59057782405,397.62389380531,28
3,377.96499477534,398.41118077325,29
3,377.323529411765,399.777605779154,30
4,435.114457831325,600.422749822821,1
4,432.345942228336,600.564649243466,2
4,430.280318780319,602.485446985447,3
4,427.36197743862,601.21201061712,4
4,428.856415478615,601.433469110659,5
4,429.380126182965,604.01261829653,6
4,432.092027141645,601.689991518236,7
4,427.039629005059,597.887858347386,8
4,427.133943427621,597.486688851914,9
4,427.093662628145,598.827120223672,10
4,430.654804270463,601.256227758007,11
4,433.233333333333,601.494444444444,12
4,433.599585062241,602.165975103734,13
4,424.927698574338,599.106924643585,14
4,420.694578896418,599.670377541142,15
4,421.950358239509,596.945240532242,16
4,424.731404958678,599.911157024793,17
4,428.238624338624,601.197354497354,18
4,432.807428571429,600.055428571429,19
4,433.445454545455,599.556818181818,20
4,433.220534629405,597.585054678007,21
4,430.19008782936,595.201380175659,22
4,428.940203562341,595.209923664122,23
4,429.388040712468,596.576335877863,24
4,430.581300813008,598.508130081301,25
4,433.100493218249,598.498766954377,26
4,426.867463026166,593.695676905574,27
4,428.173211781206,596.246143057504,28
4,421.038644470868,597.890011890606,29
4,423.646405228758,595.06339869281,30
5,438.030722484808,704.073936529372,1
5,438.18200270636,703.674560216509,2
5,437.706849315068,704.232876712329,3
5,438.140830449827,703.253633217993,4
5,438.940055440055,702.086278586279,5
5,438.680597014925,701.10447761194,6
5,437.732715008432,698.736087689713,7
5,440.636069114471,699.592872570194,8
5,441.158042744657,698.008436445444,9
5,440.015323496027,697.261634506243,10
5,438.986910994764,701.63612565445,11
5,438.085969738652,703.334938101788,12
5,435.903733955659,700.958576429405,13
5,435.866543665437,699.866543665437,14
5,434.190697674419,697.220930232558,15
5,434.349056603774,697.176886792453,16
5,432.689718482252,697.979804161567,17
5,432.137785800241,697.271359807461,18
5,430.903083700441,697.266519823789,19
5,431.888250319285,701.515325670498,20
5,432.517283950617,700.759259259259,21
5,432.895411605938,699.664642375169,22
5,432.599863201094,701.05950752394,23
5,429.447368421053,702.447368421053,24
5,429.695244055069,703.339799749687,25
5,429.288265306122,703.77806122449,26
5,429.702365308804,704.569645203679,27
5,430.093288590604,701.722818791946,28
5,430.748603351955,701.212290502793,29
5,431.967153284672,703.222627737226,30
6,486.248524817772,472.590188591924,1
6,483.997917148808,473.434274473501,2
6,482.581967213115,477.18243559719,3
6,481.599525504152,477.373309608541,4
6,480.309746954077,474.216963448922,5
6,480.550961538462,474.567307692308,6
6,481.771023546372,473.857520422874,7
6,483.962345090562,475.846043851287,8
6,486.120721987811,477.124003750586,9
6,489.756840589343,477.032236623463,10
6,490.171779820578,476.736847934434,11
6,490.784447041326,478.018272601721,12
6,489.697520307824,477.059640872168,13
6,490.163755458515,477.973362445415,14
6,492.794817332201,480.585811384877,15
6,495.417389508468,479.207558859975,16
6,495.506273589717,475.656737733347,17
6,492.443163097199,472.150741350906,18
6,488.450210970464,470.72447257384,19
6,485.135122838944,472.033212010919,20
6,484.68875502008,471.362449799197,21
6,483.189549180328,471.899590163934,22
6,483.157114127702,470.148567119155,23
6,482.084615384615,467.687412587413,24
6,483.840679522498,469.858126721763,25
6,487.552462034054,469.936263230557,26
6,491.451762523191,468.032467532468,27
6,493.752124645892,470.64164305949,28
6,489.842579075426,476.269829683698,29
6,489.832850940666,478.534249879402,30
7,506.588566827697,782.360976918948,1
7,506.230646871686,782.102332979852,2
7,506.299783549784,782.093073593074,3
7,505.487213638785,781.720564730954,4
7,503.845692475463,779.97546346783,5
7,503.769185360094,778.978158205431,6
7,503.760654725139,777.807597282273,7
7,504.298709677419,777.04064516129,8
7,504.105147520402,775.699623352166,9
7,505.533775633293,779.053679131484,10
7,505.809825195901,779.305907172996,11
7,506.380937692782,779.691239975324,12
7,507.073790569504,781.517146356399,13
7,506.678304239401,782.291770573566,14
7,506.755667506297,783.086901763224,15
7,506.995012468828,784.825436408978,16
7,506.638086062942,784.667630057803,17
7,506.023900573614,785.018164435946,18
7,506.165396825397,785.853015873016,19
7,504.309491525424,785.531186440678,20
7,502.944519166106,786.159045057162,21
7,501.099748269352,787.897734424166,22
7,499.733850129199,787.857881136951,23
7,498.546645367412,788.204153354633,24
7,497.522401991288,789.170192906036,25
7,497.041296928328,785.983276450512,26
7,496.898230088496,785.354322668482,27
7,496.326468602296,784.273801485483,28
7,495.94563042028,783.965643762508,29
7,496.623119015048,784.339945280438,30
8,514.866211962224,375.048793284365,1
8,515.019038076152,374.656312625251,2
8,513.278213935231,372.569676153091,3
8,512.628557409225,369.788518155054,4
8,510.264872521246,364.07223796034,5
8,510.907678244973,361.620658135283,6
8,510.959982409851,361.127088830255,7
8,511.923040604344,357.377242681775,8
8,513.523534635879,357.310834813499,9
8,511.362239297475,355.168605927552,10
8,510.07299270073,352.967153284672,11
8,508.373935264055,348.995741056218,12
8,506.56960950764,347.145161290323,13
8,504.113246116108,345.553965658218,14
8,503.681355932203,346.094915254237,15
8,503.577768385461,346.240490278952,16
8,502.91935483871,346.230050933786,17
8,503.361134631668,347.813293818798,18
8,503.42082616179,347.7082616179,19
8,504.565404475043,349.222891566265,20
8,504.437231298366,347.958297506449,21
8,501.555555555556,347.942652329749,22
8,500.425788497217,348.212430426716,23
8,500.954198473282,350.120229007634,24
8,501.82925682032,350.222483537159,25
8,502.857746478873,351.43427230047,26
8,503.707327971403,353.562555853441,27
8,504.124775583483,351.939856373429,28
8,505.982987551867,350.027800829876,29
8,506.582125603865,351.152173913043,30
9,592.240662809048,951.04971067859,1
9,595.303191489362,950.212765957447,2
9,601.218502899315,949.704533473906,3
9,600.804889741131,950.227708533078,4
9,599.890667886551,949.728728270814,5
9,597.182224428997,951.842601787488,6
9,597.818669527897,948.692060085837,7
9,595.213429855217,950.013230154768,8
9,595.1772591857,949.827706057597,9
9,594.337402597403,951.296363636364,10
9,591.094111461619,953.123554153523,11
9,589.484455958549,955.3103626943,12
9,587.635315222963,958.272936955407,13
9,584.63491246138,960.1745623069,14
9,583.290202616055,961.457040266735,15
9,582.246426680783,963.927739544733,16
9,581.306181246726,964.588528025144,17
9,579.369336143309,965.356691253952,18
9,576.295489492568,964.414402870323,19
9,573.376427829699,965.135514018692,20
9,571.184607104413,960.990850376749,21
9,573.177385345282,957.555877701634,22
9,570.452321378927,955.503336113428,23
9,569.343605126807,953.914507772021,24
9,571.486569557664,953.571428571429,25
9,571.23396424816,953.745005257624,26
9,572.240987243483,954.217692734332,27
9,574.809127584468,949.233736762481,28
9,575.035168195719,945.614169215087,29
9,577.569370330843,944.308964781217,30
10,553.147863247863,691.681196581197,1
10,553.765100671141,692.107382550336,2
10,553.520942408377,692.009598603839,3
10,552.76873857404,691.386654478976,4
10,552.966666666667,690.447368421053,5
10,553.5,691.402527075812,6
10,554.60592459605,691.115798922801,7
10,553.947706422018,692.138532110092,8
10,553.572859744991,692.024590163934,9
10,553.389483065954,691.667557932264,10
10,553.234197730956,690.106158833063,11
10,553.59872611465,689.872611464968,12
10,553.884991843393,690.853996737357,13
10,553.139730639731,691.048821548822,14
10,553.909171075838,690.981481481482,15
10,554.152094717668,691.161202185792,16
10,554.910303587856,692.414903403864,17
10,555.92482150357,696.034439311214,18
10,556.950402144772,694.070598748883,19
10,557.190298507463,693.783582089552,20
10,556.706896551724,692.473180076628,21
10,555.645251396648,690.859404096834,22
10,555.401098901099,693.855311355311,23
10,555.759649122807,694.728070175439,24
10,557.012195121951,693.775261324042,25
10,557.993913043478,694.442608695652,26
10,558.828990228013,698.894136807818,27
10,559.668674698795,695.8752151463,28
10,560.175958188153,695.106271777003,29
10,560.446996466431,696.482332155477,30
11,585.451338199513,343.122060016221,1
11,583.877088305489,341.714797136038,2
11,583.076470588235,341.476470588235,3
11,583.202723735409,341.817509727626,4
11,583.056408288565,341.857636224098,5
11,582.854935945742,341.807460437076,6
11,581.369172932331,339.662406015038,7
11,580.535242290749,339.884728340675,8
11,579.768195502037,339.267575703914,9
11,580.723426946321,339.490579452542,10
11,581.760115606936,339.604046242775,11
11,583.276183644189,340.458393113343,12
11,582.883084577114,341.248400852878,13
11,582.31455064194,340.14907275321,14
11,582.374371859297,339.485642498205,15
11,582.270682148041,338.373730043541,16
11,582.610473457676,338.924677187948,17
11,582.595271700776,340.55857445307,18
11,582.667249825053,341.515395381386,19
11,581.80549898167,344.698913781399,20
11,580.689679218968,342.844490934449,21
11,580.711149825784,341.870731707317,22
11,580.496456413891,341.76364280652,23
11,580.725138121547,342.725138121547,24
11,580.453472690492,344.798718813216,25
11,579.698113207547,344.070080862534,26
11,580.545760430686,345.346567967699,27
11,581.712141427618,343.309206137425,28
11,582.414923291492,341.088563458856,29
11,583.362218999275,341.077955039884,30
12,567.995408163265,457.492857142857,1
12,567.805389221557,460.074850299401,2
12,567.882231404959,458.528925619835,3
12,570.118626956083,454.292781423523,4
12,572.374739583333,449.628385416667,5
12,573.236216216216,446.319459459459,6
12,570.322616407982,440.550997782705,7
12,568.566246056782,441.235015772871,8
12,569.88266384778,442.57822410148,9
12,570.833168561542,441.50074147306,10
12,569.360591133005,441.148768472906,11
12,568.242477432297,438.233951855567,12
12,567.894279877426,438.977017364658,13
12,567.674200661521,436.926681367144,14
12,566.755274261603,436.143459915612,15
12,568.147916666667,437.1375,16
12,570.19644723093,436.961859979101,17
12,574.865079365079,434.769841269841,18
12,578.946673706441,432.602428722281,19
12,580.982978723404,435.808510638298,20
12,580.315331010453,438.01800232288,21
12,581.589839572193,442.454010695187,22
12,581.857289527721,444.563655030801,23
12,583.773684210526,446.247368421053,24
12,585.209611451943,449.949897750511,25
12,585.772452068618,449.895560040363,26
12,584.999013806706,452.127218934911,27
12,584.921161825726,451.168049792531,28
12,584.896386822529,449.780552603613,29
12,582.955598455598,452.409266409266,30
13,604.175205855444,744.897987191217,1
13,604.189478186484,743.931137724551,2
13,606.078313253012,743.503707136237,3
13,606.943961772372,745.362728062554,4
13,607.73428079242,745.894487510767,5
13,607.097582037997,745.03713298791,6
13,605.544711951849,743.329750644884,7
13,607.479002624672,746.672353455818,8
13,609.636894824708,746.012520868113,9
13,609.521978021978,745.373203719358,10
13,608.047968885048,745.225151253241,11
13,607.698768689534,744.581794195251,12
13,607.383161512028,744.685567010309,13
13,607.883347788378,744.06721595837,14
13,609.081317764804,744.514178482068,15
13,609.356540084388,744.8805907173,16
13,605.773448773449,742.50937950938,17
13,606.944987775061,741.909942950285,18
13,608.395695031181,741.65982699658,19
13,608.399497487437,744.315745393635,20
13,608.951776649746,744.435702199662,21
13,605.516220600162,744.241281427413,22
13,605.93910806175,744.354202401372,23
13,608.097381342062,743.727495908347,24
13,613.474089068826,741.511336032389,25
13,614.378200155159,739.735841737781,26
13,612.120303756994,743.225019984013,27
13,612.245869394178,742.632966168371,28
13,613.616279069767,742.287596899225,29
13,614.827572663001,741.966614296936,30
14,605.165152498378,201.731018818949,1
14,605.105415860735,202.501934235977,2
14,603.750787649653,203.08034026465,3
14,604.215197956577,203.229246487867,4
14,604.570006422608,201.993256262042,5
14,605.21723692705,201.780180761782,6
14,605.100517129929,199.603425985779,7
14,605.205806451613,199.487096774194,8
14,604.763292761051,198.554452274183,9
14,604.683937823834,198.971502590674,10
14,604.734804862444,197.83525271913,11
14,604.946451612903,197.065161290323,12
14,606.116580310881,197.277202072539,13
14,607.343212237094,196.376991714468,14
14,609.892902408112,195.519011406844,15
14,610.983159828536,197.003980404164,16
14,611.884496693608,196.364878765614,17
14,612.913348946136,196.52224824356,18
14,615.040891144952,197.078116187253,19
14,615.405520774047,199.016220830962,20
14,615.162170087977,198.834897360704,21
14,615.201928696669,198.289012273524,22
14,616.253050552005,198.824811156304,23
14,616.406789413119,198.99252013809,24
14,616.261737089202,199.080985915493,25
14,616.217619603267,199.489498249708,26
14,616.384433962264,202.985849056604,27
14,616.158049353701,203.663337250294,28
14,615.954651162791,204.466279069767,29
14,615.349436870184,205.922050978068,30
15,665.145449137418,403.555919095776,1
15,665.15227537923,405.672695449242,2
15,664.58798159862,409.796722254169,3
15,662.307671270341,410.875837549569,4
15,661.652634475168,411.383546567616,5
15,662.145720476706,411.917118093174,6
15,663.214763231198,412.954038997214,7
15,663.141708264004,414.097892401553,8
15,662.769565217391,413.794492753623,9
15,661.575231481482,414.130787037037,10
15,660.261473087819,414.568555240793,11
15,659.879775280899,415.367415730337,12
15,659.4877573734,417.382025598219,13
15,660.068409343715,417.518909899889,14
15,660.952286843591,418.319875776398,15
15,661.868391764051,418.698664440735,16
15,663.122437971953,419.364077669903,17
15,665.303879310345,419.119612068966,18
15,668.84355179704,419.940803382664,19
15,671.411903513372,422.164918720503,20
15,673.174369747899,422.563025210084,21
15,674.1887835703,423.025013164824,22
15,674.547774158523,423.920195439739,23
15,675.604413347686,423.440796555436,24
15,675.609782608696,422.773913043478,25
15,675.763698630137,423.821917808219,26
15,677.076416714367,425.300801373784,27
15,677.699771689498,424.439497716895,28
15,677.645775814467,423.48674765323,29
15,676.68006795017,425.182899207248,30
16,640.150526315789,614.443157894737,1
16,640.075609756098,614.920054200542,2
16,640.440170940171,613.775641025641,3
16,639.455672823219,611.226649076517,4
16,638.921140011068,608.714167127836,5
16,641.521146355036,606.914579855314,6
16,643.03961827646,605.60989010989,7
16,642.473461321287,605.394974590627,8
16,642.784210526316,603.794736842105,9
16,641.796918767507,601.594117647059,10
16,641.738434163701,600.800118623962,11
16,643.656720916215,599.490355635925,12
16,650.37839433294,599.040731995277,13
16,652.721898660454,601.374199184624,14
16,656.43006993007,602.087412587413,15
16,658.520479812756,600.575482738443,16
16,658.469650431476,602.110136024572,17
16,657.203392266782,603.850941497772,18
16,656.5649281935,604.132728647014,19
16,657.664263322884,604.980877742947,20
16,659.443769968051,607.776038338658,21
16,661.353353041855,608.901820444998,22
16,666.052490542245,612.302490542245,23
16,669.117854149204,612.085498742666,24
16,669.743318831572,607.93639941993,25
16,671.050924963625,606.093535647474,26
16,677.568548387097,609.658602150538,27
16,678.472580051527,609.752484357748,28
16,676.127379469845,611.017612524462,29
16,676.954453996708,613.308029998171,30
17,747.214285714286,357.119047619048,1
17,747.5,357.040983606557,2
17,747.928571428571,357.142857142857,3
17,747.536363636364,357.318181818182,4
17,747.178571428571,357.321428571429,5
17,749.078947368421,356.184210526316,6
17,748.067901234568,356.561728395062,7
17,749.184210526316,356.263157894737,8
17,749.210144927536,356.311594202899,9
17,748.638888888889,356.027777777778,10
17,748.616279069767,355.848837209302,11
17,749.075,356.1,12
17,748.873493975904,356.415662650602,13
17,749.048387096774,355.865591397849,14
17,749.318181818182,356.435064935065,15
17,749.628205128205,356.320512820513,16
17,748.825,356.6,17
17,748.685185185185,356.635802469136,18
17,748.623287671233,356.513698630137,19
17,749.318181818182,357.006493506493,20
17,749.719512195122,356.060975609756,21
17,748.990196078431,355.009803921569,22
17,748.611111111111,356.055555555556,23
17,749.603092783505,355.974226804124,24
17,749.28640776699,356.334951456311,25
17,748.806666666667,355.98,26
17,750.5,356.238095238095,27
17,749.847826086957,356.391304347826,28
17,750.269230769231,356.115384615385,29
17,750.478723404255,356.457446808511,30
18,826.724099926525,922.170095518002,1
18,824.993389004871,923.267571329158,2
18,824.736652236652,923.772727272727,3
18,824.441346850109,924.894641564084,4
18,823.621169916434,924.821727019499,5
18,824.03768115942,926.655072463768,6
18,824.346900672143,926.642643764003,7
18,824.473568281938,928.018355359765,8
18,826.482456140351,928.598398169336,9
18,826.867713004484,930.130792227205,10
18,827.743202416918,930.361027190332,11
18,827.662613981763,931.741641337386,12
18,827.443939393939,932.762121212121,13
18,827.31998474447,932.927917620137,14
18,823.762456140351,939.407368421053,15
18,823.185537742151,942.160487641951,16
18,820.885915492958,938.077464788732,17
18,817.032979529947,937.619787717968,18
18,817.008172362556,937.052748885587,19
18,817.81931575196,936.94262295082,20
18,817.479472140762,937.258064516129,21
18,815.970943396226,935.992075471698,22
18,818.380620155039,936.38527131783,23
18,816.119718309859,934.498435054773,24
18,816.130385487528,935.366969009826,25
18,815.609710896961,933.23461823573,26
18,816.725519287834,932.936201780415,27
18,817.610778443114,929.862275449102,28
18,816.424231057764,929.133908477119,29
18,817.171212121212,928.781818181818,30
19,810.5441898527,827.87643207856,1
19,811.82473444613,826.440819423369,2
19,810.245883644347,826.545188437614,3
19,809.686059275521,826.114892060007,4
19,808.242465753425,827.179452054795,5
19,809.839791356185,828.561102831595,6
19,807.866863905325,828.781065088757,7
19,808.030846484935,830.398134863702,8
19,808.046762589928,829.18345323741,9
19,807.900548696845,830.528806584362,10
19,806.86,832.675172413793,11
19,806.759863945578,835.382993197279,12
19,806.396461336828,836.019003931848,13
19,804.527322404372,837.341530054645,14
19,801.680028129395,838.138537271449,15
19,800.956614509246,836.182788051209,16
19,800.809589041096,835.987671232877,17
19,800.539671682627,836.036251709986,18
19,798.674386920981,836.189373297003,19
19,798.629346314325,836.011821974965,20
19,802.349315068493,834.861643835616,21
19,803.344660194175,833.663661581137,22
19,803.575630252101,833.362745098039,23
19,803.840720221607,833.668975069252,24
19,805.908544726302,833.911214953271,25
19,809.764623955432,831.672701949861,26
19,812.160247592847,833.585281980743,27
19,811.144504748982,832.935549525102,28
19,810.239010989011,833.236263736264,29
19,808.132152588556,832.990463215259,30
20,829.553491827637,1006.14487369985,1
20,829.789269051322,1006.83748055988,2
20,830.763492063492,1007.67142857143,3
20,832.618971061093,1007.89549839228,4
20,832.637123745819,1008.32943143813,5
20,835.517889087656,1009.60017889088,6
20,834.375471698113,1009.44339622642,7
20,836.346473029046,1010.01867219917,8
20,836.787257019438,1010.12634989201,9
20,837.88445807771,1009.62678936605,10
20,839.142857142857,1009.44444444444,11
20,839.058648111332,1009.50795228628,12
20,838.717564870259,1009.54391217565,13
20,840.796875,1009.515625,14
20,838.720272904483,1009.25048732943,15
20,839.726863431716,1009.2276138069,16
20,841.849397590361,1008.57228915663,17
20,843.964351005484,1006.41773308958,18
20,844.272963604853,1005.63171577123,19
20,846.472972972973,1006.75405405405,20
20,846.612380952381,1007.90380952381,21
20,846.64453125,1008.5078125,22
20,848.305084745763,1009.24576271186,23
20,848.964668094218,1009.38436830835,24
20,851.294871794872,1009.5,25
20,852.015856236786,1008.86575052854,26
20,851.408695652174,1008.86956521739,27
20,850.006726457399,1009.38340807175,28
20,851.862352941176,1010.37058823529,29
20,852.96365914787,1010.94862155388,30
21,958.093617021277,529.9,1
21,955.97928331467,530.772116461366,2
21,954.644164759725,534.754004576659,3
21,951.714611872146,537.901826484018,4
21,946.817351598174,538.554794520548,5
21,947.576738609113,540.017985611511,6
21,952.92320441989,536.529834254144,7
21,967.61320754717,526.908805031446,8
21,983.23268921095,511.776972624799,9
21,995.619782214156,501.536297640653,10
21,1005.15042979943,484.325214899713,11
21,1006.73404255319,479.11094224924,12
21,1006.08673469388,483.382653061225,13
21,1004.20935960591,483.243842364532,14
21,1001.24008810573,485.711453744493,15
21,993.257692307692,492.55,16
21,986.970802919708,502.328467153285,17
21,977.922429906542,512.875700934579,18
21,977.260831889081,512.824090121317,19
21,981.073076923077,512.334615384615,20
21,982.173170731707,504.459349593496,21
21,982.507518796992,502.468421052632,22
21,985.298540145985,500.609489051095,23
21,989.869444444444,497.994444444444,24
21,995.576470588235,496.191176470588,25
21,999.601818181818,490.201818181818,26
21,1001.04592720971,485.274696707106,27
21,1004.13838383838,470.009090909091,28
21,1002.35658914729,463.651162790698,29
21,999.716216216216,461.215315315315,30
22,1008.33954619125,259.921393841167,1
22,1008.74584717608,261.313953488372,2
22,1009.25477707006,264.076433121019,3
22,1009.17515923567,264.187898089172,4
22,1008.99136577708,264.096546310832,5
22,1008.58689248895,263.379234167894,6
22,1008.48674521355,262.133284241532,7
22,1008.78983308042,261.870257966616,8
22,1008.85285053929,262.56625577812,9
22,1008.77436281859,263.691904047976,10
22,1009.56962025316,263.607594936709,11
22,1009.74764890282,262.039184952978,12
22,1010.51592356688,262.085987261146,13
22,1010.48705501618,262.577669902913,14
22,1010.76388888889,263.368055555556,15
22,1011.21276595745,262.599290780142,16
22,1011.18476357268,262.410683012259,17
22,1011.30212014134,262.683745583039,18
22,1011.17636363636,261.841818181818,19
22,1011.27121771218,263.020295202952,20
22,1011.10142348754,260.453736654804,21
22,1011.02530541012,260.323734729494,22
22,1012.05303030303,262.458333333333,23
22,1010.63666666667,262.27,24
22,1010.41666666667,262.953333333333,25
22,1010.06661045531,263.037942664418,26
22,1009.91791044776,263.204809286899,27
22,1009.516,260.9976,28
22,1010.02203389831,262.059322033898,29
22,1009.71885521886,261.611111111111,30
23,1010.94392523364,852.929906542056,1
23,1010.99897330595,856.875770020534,2
23,1010.32176360225,857.661350844278,3
23,1010.12411347518,858.007092198582,4
23,1009.5099009901,856.952145214521,5
23,1009.7358974359,856.197435897436,6
23,1008.70735785953,856.757525083612,7
23,1007.42333333333,855.09,8
23,1008.88285714286,851.698095238095,9
23,1010.26458752515,850.888329979879,10
23,1011.52708803612,849.752821670429,11
23,1013.85632183908,843.17816091954,12
23,1014.44076655052,836.705574912892,13
23,1013.15614035088,833.605263157895,14
23,1014.30497925311,829.168049792531,15
23,1013.58403361345,829.331932773109,16
23,1015.79523809524,827.347619047619,17
23,1016.47826086957,828.717391304348,18
23,1016.24371859296,828.505025125628,19
23,1016.89423076923,830.269230769231,20
23,1018.47674418605,831.313953488372,21
23,1018.88064516129,831.68064516129,22
23,1018.93835616438,833.253424657534,23
23,1018.17532467532,834.149350649351,24
23,1018.45483870968,834.003225806452,25
23,1018.62101910828,833.359872611465,26
23,1018.42682926829,832.146341463415,27
23,1017.95086705202,831.095375722543,28
23,1018.0325443787,830.340236686391,29
23,1017.94578313253,831.692771084337,30
24,922.289980732177,901.108863198459,1
24,920.594582185491,900.150137741047,2
24,918.734501347709,900.064240790656,3
24,916.52055406613,899.732350312779,4
24,914.864995602463,899.806068601583,5
24,912.459223300971,902.511650485437,6
24,908.916745061148,902.090780809031,7
24,906.736912156167,903.020851818988,8
24,906.347058823529,902.841176470588,9
24,905.120503597122,901.755395683453,10
24,903.894341290893,901.054376657825,11
24,904.983245149912,900.28835978836,12
24,905.565099457505,901.082278481013,13
24,905.164298401421,898.874777975133,14
24,906.418149466192,898.370106761566,15
24,906.370188003581,897.184870188004,16
24,908.291877613912,896.979749064495,17
24,910.339006439742,897.266329346826,18
24,912.488292793817,897.401454876108,19
24,913.82437966755,899.070585401108,20
24,915.728179551122,899.762344139651,21
24,917.598318899643,900.808456444218,22
24,919.627763496144,902.830334190231,23
25,741.729767679346,595.848863926474,1
25,741.331115660184,596.281473899693,2
25,740.177517802645,594.947609359105,3
25,740.35847107438,595.21694214876,4
25,739.479862215156,595.408850026497,5
25,739.251375137514,595.746424642464,6
25,737.040295119183,596.871169125993,7
25,734.932203389831,600.756658595642,8
25,735.970063694268,600.669426751592,9
25,737.239021329988,603.390840652447,10
25,738.915762603701,603.350350989151,11
25,739.947746061457,606.038215566994,12
25,740.279296875,603.314453125,13
25,740.692028358983,601.971295175514,14
25,743.905673634288,603.396451782891,15
25,746.23629112662,606.299601196411,16
25,744.385878227606,605.322282435448,17
25,743.452940249093,608.787797572127,18
26,1018.125,362.05,1
26,1018.98484848485,361.469696969697,2
26,1018.31578947368,363.736842105263,3
26,1018.38,361.686666666667,4
26,1018.26923076923,360.146153846154,5
26,1017.6875,360.09375,6
26,1017.84482758621,357.98275862069,7
26,1017.1,357.277777777778,8
26,1017.5,355.5,9
26,1017.96153846154,356.423076923077,10
26,1018.64285714286,356.642857142857,11
26,1019.32352941176,355.5,12
26,1019.24193548387,356.661290322581,13
26,1020.77272727273,356.5,14
27,644.606382978723,1017.57446808511,1
27,640.849282296651,1017.27990430622,2
27,645.675824175824,1018.23626373626,3
27,648.154545454545,1018.51818181818,4
27,649.058011049724,1017.86464088398,5
27,652.886503067485,1017.99079754601,6
28,868.472972972973,562.310810810811,1
28,865.125,563.25,2
28,867.66,563.66,3
29,821.328473413379,740.755574614065,1
29,831.5,754.094594594595,2
30,12.4649122807018,881.19298245614,1
30,31.3514285714286,874.368571428571,2
31,84.0015432098765,908.899691358025,1
31,86.290236460717,907.480167810831,2
32,509.531098153547,261.537900874636,1
32,508.904543257612,261.843160947318,2
32,506.93961352657,261.754106280193,3
32,505.5595703125,261.50390625,4
32,504.132622706991,258.922905304908,5
32,502.156343656344,257.801698301698,6
32,496.207414829659,251.812625250501,7
32,490.001480750247,246.867226061204,8
32,475.214119019837,236.203617269545,9
32,470.660110803324,231.140997229917,10
32,472.911255411255,227.575757575758,11
32,474.62628992629,223.101965601966,12
32,477.312405446293,221.787443267776,13
32,480.926829268293,220.837398373984,14
32,484.564895247828,222.488247317322,15
32,487.756855575868,223.462914599112,16
33,703.098625637479,729.562105627107,1
33,704.059116809117,728.926638176638,2
33,712.742862057104,727.527175782594,3
33,732.218378378378,726.541081081081,4
33,728.965502585535,723.348161790749,5
33,742.394900849858,721.581240163676,6
34,746.618598382749,1003.13881401617,1
34,745.819034852547,1003.77882037534,2
34,745.263713080169,1004.64205344585,3
34,742.683216783217,1004.58251748252,4
34,741.310143042913,1003.18270481144,5
34,741.332460732984,1003.33769633508,6
34,725.886248736097,1004.9701718908,7
35,818.55591160221,172.07679558011,1
35,818.492150021806,171.461622328827,2
36,938.888414946255,818.893192288005,1
36,940.988789237668,818.015054452274,2
36,940.883323335333,817.647570485903,3
36,943.0598820059,818.205604719764,4
36,946.399806076277,818.804460245637,5
36,948.150773195876,820.247422680412,6
36,945.270819453698,820.843104596935,7
36,943.587296416938,824.571009771987,8
36,941.586175256155,825.207371157669,9
36,940.315438324282,826.832738557021,10
36,940.181333333333,828.516,11
36,941.245123537061,828.48699609883,12
36,943.145436638214,830.668745896257,13
36,945.070302233903,831.652431011827,14
36,946.680349062702,832.968648998061,15
36,948.488431876607,833.76735218509,16
37,984.6296566077,698.309053069719,1
37,985.48012718601,700.31240063593,2
37,985.147011308562,702.481421647819,3
37,984.735584843493,701.719934102142,4
37,983.097304795878,702.701743955608,5
37,980.947447447447,702.813813813814,6
37,980.256134969325,701.539877300614,7
37,980.303024574669,701.869754253308,8
37,979.661182994455,701.504436229205,9
37,979.009818181818,701.941454545455,10
37,978.926306306306,700.971711711712,11
37,976.153778558875,702.338664323374,12
37,975.852342158859,701.702308214528,13
37,974.398276444745,701.381716796215,14
37,973.864775725594,701.71635883905,15
37,973.344444444444,702.376470588235,16
37,972.769651741294,703.592868988391,17
37,973.002307185234,704.035266974291,18
37,973.353627760252,701.797791798107,19
37,971.965159492103,702.914679467327,20
37,972.494292580354,699.004355662361,21
37,972.331756950416,694.827601031814,22
37,972.551821143026,692.681522061001,23
37,970.622695852535,690.801267281106,24
38,774.255480607083,790.70741989882,1
38,783.628556375132,771.270284510011,2
39,814.609765329296,247.986373959122,1
40,813.061946902655,246.186242960579,2
41,854.892561983471,286.462809917355,2
42,64.412037037037,935.425,3
42,64.3345864661654,938.992481203008,4
42,65.5555555555556,939.403703703704,5
42,63.5671936758893,937.915019762846,6
42,61.8616557734205,934.197167755991,7
42,62.2268907563025,931.13025210084,8
42,62.8430962343096,930.089958158996,9
42,61.3468085106383,929.21914893617,10
42,57.8042505592841,931.459731543624,11
42,56.9431554524362,931.917633410673,12
42,56.7366071428571,936.544642857143,13
42,58.1053811659193,936.822869955157,14
42,62.2315914489311,939.00593824228,15
42,62.5594059405941,940.059405940594,16
42,63.6879518072289,938.584337349398,17
42,63.6726618705036,938.910071942446,18
42,63.4144144144144,938.734234234234,19
42,63.0158371040724,938.454751131222,20
42,63.1415094339623,938.047169811321,21
42,62.1697459584296,936.377598152425,22
42,62.3564476885645,936.283454987835,23
42,62.0458937198068,937.30193236715,24
42,62.6351351351351,937.421375921376,25
42,63.721635883905,938.724274406332,26
42,68.7755555555556,938.482222222222,27
43,777.926237161531,790.655462184874,3
43,778.638942307692,788.671153846154,4
43,778.116904962153,783.101766190076,5
43,777.225043782837,780.640105078809,6
43,776.241319444444,779.838541666667,7
43,775.915605095541,787.663481953291,8
43,772.175237144284,784.871193210185,9
44,761.340793489318,151.666581892167,3
44,759.780154924382,149.113119390139,4
45,47.9240506329114,880.335443037975,3
46,794.175494071146,747.085375494071,3
47,12.151724137931,881.380459770115,3
47,20.1810551558753,878.910071942446,4
47,19.4392789373814,872.642314990512,5
48,100.722499169159,887.144566301097,3
48,102.265498652291,885.338274932615,4
48,96.4009009009009,882.315315315315,5
48,97.1043243243243,878.654594594595,6
49,851.182496456017,199.994255017533,3
49,850.09667561121,199.870378652355,4
49,817.401276920145,179.166857251763,5
49,816.836660268714,178.112284069098,6
49,816.69557195572,173.487376189551,7
49,816.837819117356,173.356718780922,8
50,8.26923076923077,867.97619047619,6
50,8.13636363636364,866.723140495868,7
50,11.3095238095238,863.983516483516,8
50,6.51796407185629,873.164670658683,9
50,6.72285714285714,870.151428571429,10
50,7.03142857142857,871.031428571429,11
50,6.58396946564886,876.293893129771,12
50,5.88095238095238,876.090476190476,13
50,6.2258064516129,874.564516129032,14
50,7.24803149606299,879.200787401575,15
50,7.24468085106383,878.989361702128,16
50,7.14179104477612,877.694029850746,17
50,6.7,878.7,18
50,6.90127388535032,882.977707006369,19
50,6.88235294117647,879.955882352941,20
50,6.65966386554622,877.852941176471,21
50,6.57843137254902,876.833333333333,22
50,6.45121951219512,879.5,23
50,6.44,881.32,24
50,6.09090909090909,879.863636363636,25
50,5.71333333333333,878.993333333333,26
50,5,878.058823529412,27
50,4.43333333333333,877.4,28
50,4.70547945205479,878.349315068493,29
50,5.15333333333333,879.766666666667,30
51,833.360110803324,675.365650969529,6
51,842.592307692308,669.392307692308,7
52,34.6449275362319,866.239130434783,6
53,878.576923076923,835.961538461538,7
53,877.1,836.185714285714,8
53,877.162162162162,836.067567567568,9
53,873.5,838.891304347826,10
53,872.537037037037,839.203703703704,11
53,872.630769230769,835.623076923077,12
53,871.326086956522,834.978260869565,13
53,870.966666666667,833.1,14
53,870.055555555556,832.722222222222,15
53,867.681818181818,835.681818181818,16
53,869.5,837.785714285714,17
53,869.431034482759,839.844827586207,18
53,867.584210526316,840.368421052632,19
54,854.684507042253,285.49014084507,7
54,854.045454545455,284.487012987013,8
54,855.125,285.34375,9
54,853.718631178707,274.766159695817,10
55,70.08,849.56,7
55,69.0529411764706,842.982352941176,8
56,27.1949152542373,851.025423728814,7
57,36.3648648648649,871.608108108108,7
58,812.893009985735,723.908701854494,7
59,102.958128078818,882.960591133005,7
59,102.944444444444,884.157004830918,8
59,104.183870967742,882.072903225806,9
59,105.572538860104,881.069948186528,10
59,106.78,882.601935483871,11
59,106.569828722003,882.150856389987,12
59,107.250332005312,881.465471447543,13
59,107.962337662338,880.674025974026,14
59,108.28078817734,880.354679802956,15
59,110.151605231867,879.535671819263,16
59,110.256425948592,880.246634026928,17
59,111.164102564103,879.335897435897,18
59,110.838441890166,881.742656449553,19
59,111.687335092348,881.38654353562,20
59,113.836499321574,879.445725915875,21
59,113.277486910995,877.675392670157,22
59,111.841104294479,880.952760736196,23
59,113.601083032491,882.193140794224,24
59,113.223536737235,883.024283935243,25
59,111.946043165468,881.955635491607,26
59,111.140903686088,882.805588585018,27
59,96.6691616766467,902.919161676647,28
60,731.197080843984,717.217197307721,7
60,747.93826039586,716.931057442043,8
61,966.766666666667,886.233333333333,8
61,969.547892720307,889.528735632184,9
61,970.485074626866,895.380597014925,10
61,967.083333333333,891.916666666667,11
62,658.853383458647,1018.52255639098,8
62,660.205882352941,1018.16666666667,9
63,742.331202046036,1002.30562659847,8
63,740.992146596859,1004.26701570681,9
63,724.648603351955,1008.10335195531,10
63,725.077130528587,1006.31553398058,11
63,727.738512035011,1006.43216630197,12
64,767.552923844062,144.652198549411,9
65,739.908051761323,720.317038102085,9
65,744.428815524501,728.680905595899,10
65,744.88782381848,727.028938906752,11
66,855.902136639409,191.30326211202,9
66,820.220830226199,168.433905045986,10
67,829.330068560235,669.834965719882,9
67,827.358438485804,665.271687697161,10
67,826.152291105121,663.454177897574,11
67,829.433333333333,658.915384615385,12
68,452.536437246964,1014.10728744939,10
68,447.238219895288,1014.4109947644,11
69,992.764214046823,9.13210702341137,11
69,985.876344086022,8.69354838709677,12
70,916.172760818517,174.79604159678,11
71,804.932590110906,168.891578096118,11
71,820.467327887981,168.505834305718,12
72,768.319060052219,787.73681462141,12
72,773.592983381693,768.467159060934,13
72,771.28214393255,774.95724179464,14
72,768.08644278607,777.019278606965,15
72,765.672018348624,778.355504587156,16
72,763.411118293471,778.121848739496,17
72,761.791827541828,781.329794079794,18
72,760.067961165049,785.351941747573,19
72,758.240276035132,789.590338770389,20
72,756.216302952503,792.853016688062,21
72,753.017766497462,795.464467005076,22
72,748.316272965879,796.568241469816,23
72,746.290945406125,794.772969374168,24
72,747.708805031447,791.032075471698,25
72,746.957446808511,792.968085106383,26
72,741.98198757764,797.040372670807,27
72,739.336431226766,797.641263940521,28
72,737.010403916769,799.000611995104,29
72,736.099755201958,801.108323133415,30
73,794.794298353404,737.298353403785,12
73,814.54483386436,728.18889394629,13
73,812.72851956434,727.611536910044,14
73,816.003533568905,729.317628582646,15
73,818.981012658228,730.227848101266,16
73,819.691869918699,728.641463414634,17
73,824.342105263158,726.023219814242,18
73,828.839933993399,724.882838283828,19
73,831.890763765542,725.578152753108,20
73,836.422509225092,720.880073800738,21
73,836.887155963303,714.718348623853,22
73,840.241035856574,709.647410358566,23
73,840.657258064516,706.814516129032,24
73,839.170061099796,708.119144602851,25
73,839.460396039604,708.105940594059,26
73,839.136363636364,711.598814229249,27
73,839.074736842105,711.34,28
73,842.068066157761,711.353053435114,29
74,975.19696969697,911.5,12
74,981.409090909091,905.318181818182,13
75,724.721751133899,709.023959771248,12
75,725.792116273949,713.325589077296,13
75,728.181420397173,713.97610232245,14
75,741.718955425484,702.051058081945,15
76,738.131147540984,1006.4043715847,13
76,736.196011004127,1007.1341127923,14
76,731.256291390729,1007.88410596026,15
76,729.909200968523,1006.04237288136,16
76,731.484322508399,1004.02407614782,17
76,730.907407407407,1004.151416122,18
76,732.707343412527,1003.86285097192,19
76,733.985207100592,1004.32130177515,20
76,734.142857142857,1004.70443349754,21
76,732.604191616766,1004.60419161677,22
76,733.612745098039,1004.94362745098,23
76,732.237572254335,1004.2676300578,24
76,731.728971962617,1005.03037383178,25
76,733.07528957529,1006.39832689833,26
76,738.725806451613,1007.87480798771,27
76,741.228358208955,1006.93582089552,28
76,739.162949194548,1003.71065675341,29
76,736.764173703257,1003.61097708082,30
77,775.833075734158,662.657650695518,13
77,776.098101265823,658.182911392405,14
78,659.590909090909,1020.02272727273,13
79,773.685820813686,138.811821471653,13
80,857.36966654715,190.885442811043,13
80,818.962074457496,164.875273740792,14
80,818.925442962373,164.682162054549,15
81,833.631313131313,655.497474747475,13
81,835.253846153846,652.749704142012,14
81,848.705318797489,643.975222993062,15
82,412.879310344828,557.637931034483,14
82,402.921052631579,555.763157894737,15
82,403.785714285714,557.785714285714,16
83,662.518867924528,1019.80188679245,15
83,661.451807228916,1016.99397590361,16
83,660.142857142857,1015.66666666667,17
83,656.520408163265,1016.27551020408,18
83,653.051020408163,1017.11224489796,19
84,833.832207792208,651.736103896104,16
84,832.972533632287,648.045403587444,17
84,825.462869502523,647.819033886085,18
85,701.744655296661,718.010569300985,16
86,770.418513388735,134.265927977839,16
87,766.497216207856,693.504794308692,16
87,742.778804982484,701.391105488517,17
87,742.091488071169,701.156591184796,18
87,747.787557654294,663.156654952778,19
87,749.08151423045,663.915390991987,20
88,854.840688717716,184.443588581785,16
88,819.092290880191,162.165606993841,17
89,872.852919971161,624.102379235761,16
89,875.115717821782,621.918935643564,17
89,872.925784563189,624.311704834606,18
89,873.538654147105,626.265727699531,19
89,874.085933223864,627.251505199781,20
89,867.861163227017,627.795497185741,21
89,871.486845014371,626.805217775812,22
90,467.169076052797,217.438508275718,17
90,492.998458376156,229.065262076053,18
90,496.826874043855,233.440846506884,19
90,497.708201892744,237.283385909569,20
90,498.36914893617,241.802127659574,21
90,497.317510548523,245.199367088608,22
90,499.019263944796,247.412593444508,23
90,499.216129032258,248.58504398827,24
90,499.365037812682,251.653577661431,25
90,500.48,253.483529411765,26
90,503.965589467385,255.558647516457,27
90,506.976635514019,256.080607476636,28
90,508.522004889976,257.5,29
90,515.085607940447,258.755583126551,30
91,951.972338204593,835.437891440501,17
91,951.32038507009,833.923830434048,18
91,942.9127856523,833.074920451258,19
91,940.707887893672,837.004189540595,20
91,939.382215288612,837.57296837328,21
91,938.582713624246,839.610495299565,22
91,933.351939451277,843.023516691445,23
91,927.231364275668,865.850210970464,24
91,925.890488948426,868.449095780308,25
91,925.063939899833,869.706343906511,26
91,927.348630136986,872.475342465753,27
91,930.184786445464,874.13395693611,28
91,931.225863284003,873.843199436223,29
91,931.716235129461,874.134709587124,30
92,894.51804670913,822.08067940552,17
92,893.499092558984,822.036297640653,18
93,1020.80434782609,352.804347826087,17
93,1020.92857142857,354.357142857143,18
94,529.569094622192,240.926820966644,17
95,764.74618752831,121.205797976748,18
95,768.45658025216,122.819521178637,19
96,843.73854507587,180.144227908361,18
96,845.143313591022,181.192565461347,19
96,818.566505441354,161.557234985893,20
97,476.626436781609,607.132183908046,18
98,478.403225806452,623.693548387097,19
99,480.269230769231,590.653846153846,19
100,452.307453416149,1015.99689440994,20
100,453.665322580645,996.489919354839,21
100,460.095476065229,982.280641767491,22
100,458.194183186225,990.467226161192,23
100,456.149079143853,985.303882528621,24
100,458.126488527447,989.105721754284,25
100,435.286885245902,1016.10655737705,26
100,440.5,1016.17605633803,27
100,463.011154219205,990.764791464597,28
100,456.26164874552,996.378136200717,29
100,454.522869022869,997.56237006237,30
101,44.3571428571429,843.821428571429,21
101,45.1984126984127,844.087301587302,22
101,44.0233644859813,846.378504672897,23
101,43.3425196850394,844.775590551181,24
101,46.6029411764706,845.279411764706,25
101,46.9821428571429,844.5,26
101,45.3778625954198,842.324427480916,27
101,43.4117647058824,838.632352941176,28
101,44.0757575757576,837.560606060606,29
101,44.1969696969697,837.681818181818,30
102,747.062795305594,610.499314128944,21
102,735.491065046462,605.598641887062,22
102,736.369005433499,600.433734939759,23
102,742.744237767893,601.916902547513,24
102,740.708641975309,607.433024691358,25
102,743.975932109071,606.198525319978,26
102,749.2499152255,604.90522210919,27
102,749.985572890455,603.6019124308,28
102,748.894284269095,604.127128646097,29
102,747.911271385441,607.305266689031,30
103,1005.35365853659,11.0024390243902,21
103,980.610732150978,24.3956343792633,22
103,986.36301369863,21.9178082191781,23
103,973.045471987721,23.2795471987721,24
103,990.018343195266,23.1426035502959,25
103,1015.89285714286,6.46428571428571,26
104,1020.39655172414,355.293103448276,21
104,1020.7,354.5,22
104,1020.73076923077,355.5,23
104,1020.75925925926,355.203703703704,24
104,1019.92424242424,351.621212121212,25
105,928.512991339107,172.569620253165,21
106,746.521644808204,697.783650527561,21
107,810.503159811482,159.781062553556,21
107,818.989715189873,160.206487341772,22
107,817.788155802862,159.529014308426,23
107,819.87900990099,159.115841584158,24
107,819.952352708581,158.615065243179,25
108,735.881870902673,704.731845688351,22
108,735.700349333678,705.486350109975,23
108,707.912882033705,703.109397315053,24
108,738.131822863028,706.832720317787,25
108,739.599333429938,703.483553108245,26
108,797.845854370704,666.618894093315,27
108,787.13470156524,672.594726245372,28
108,792.817279166919,670.652297632742,29
108,795.429766955309,676.942058464578,30
109,779.779362416107,648.939317673378,22
109,783.039454806313,645.647596843615,23
109,774.344148319815,674.531517960603,24
109,785.205685618729,655.638168896321,25
109,788.947894361171,653.166785629312,26
110,759.744107744108,12.6178451178451,22
110,747.392857142857,3.92857142857143,23
110,735.402527075812,10.2942238267148,24
110,711.854166666667,8.72916666666667,25
111,895.073934837093,14.0964912280702,22
111,876.981081081081,8.67837837837838,23
111,865.258160237389,10.9584569732938,24
111,857.523529411765,5.92352941176471,25
112,372.770901194354,14.7052117263844,22
112,384.768085106383,10.9468085106383,23
113,435.852,19.7784,22
113,436.898907103825,12.8715846994536,23
114,501.552153110048,19.6818181818182,22
114,498.374692874693,14.8710073710074,23
114,465.730317273796,18.1310223266745,24
115,574.12278761062,19.9225663716814,22
116,863.748545303408,629.520781379884,23
116,883.057526366251,623.131351869607,24
116,885.509838216003,623.178836904241,25
116,884.789127490811,622.365641323273,26
117,670.388888888889,308.166666666667,23
117,669.590909090909,308.409090909091,24
117,672.5,308.227272727273,25
118,451.666666666667,293.25,23
118,444.642857142857,298.357142857143,24
119,554.187725631769,10.0595667870036,23
120,915.289234760052,617.834630350195,23
121,610.654501216545,9.830900243309,23
122,135.568218298555,9.98475120385233,24
122,195.968629961588,10.4961587708067,25
123,471.444444444444,618.148148148148,24
123,460.172268907563,630.22268907563,25
124,801.77868852459,8.63114754098361,24
124,796.458904109589,9.74657534246575,25
125,585.482089552239,13.434328358209,24
126,634.164601769912,13.2522123893805,24
127,1007.24669836239,661.499471737982,25
127,1006.39425258382,661.031762036804,26
127,1007.34223044397,661.471723044397,27
127,1006.68632014482,662.605378846651,28
127,1006.83285550459,659.89994266055,29
127,1006.45148454239,657.971227425773,30
128,377.480295566502,9.38177339901478,25
129,550.902575107296,14.0339055793991,25
130,956.637745715116,700.108356734773,25
130,955.360003832886,700.652069758528,26
131,401.337837837838,677.22972972973,26
131,402.532258064516,676.467741935484,27
131,403.891304347826,671.804347826087,28
131,404.9,672.1,29
131,406.5,674.6875,30
132,646.683673469388,1020.27551020408,26
132,643.214285714286,1019.66666666667,27
132,636.491596638655,1019.70168067227,28
132,633.676870748299,1019.17346938776,29
132,634.723684210526,1018.85526315789,30
133,777.642505638712,132.732417469756,26
133,770.18707700166,129.832077640148,27
133,774.181307755293,130.344250789566,28
133,785.013198757764,130.725931677019,29
133,784.762032085561,132.076717400247,30
134,864.66382133995,182.079205955335,26
134,858.224007402423,178.737466352624,27
134,862.523463378727,180.349006256901,28
134,867.371993586317,184.428113308391,29
134,864.918428334256,185.759822910902,30
135,951.822432629279,676.535906773489,27
135,948.656901143663,674.446968510105,28
135,945.918640054127,671.265561569689,29
135,945.07505105514,671.196902654867,30
136,959.912550607287,747.213765182186,27
136,961.743300052549,745.007356805045,28
136,961.067713004484,741.143946188341,29
136,961.441888619855,743.697336561743,30
137,983.174496644295,14.6711409395973,28
137,979.827113062569,19.4055982436883,29
137,992.111218568665,16.2659574468085,30
138,937.681583476764,585.006884681584,28
138,934.397278911565,585.930612244898,29
139,112.357101616628,884.453521939954,29
139,97.7663656884876,906.2539503386,30
140,502.305653710247,11.083038869258,29
140,516.625748502994,7.0688622754491,30
141,71.2706172839506,938.14962962963,29
142,917.205,598.318333333333,30
143,943.888888888889,578.275132275132,30
