val/loss,val/acc,val/prec,val/rec,val/preds_sum,val/targets_sum,val/acc_best,val/loss_best,epoch,step,train/loss,train/acc,train/prec,train/rec,train/preds_sum,train/targets_sum,train/acc_best,train/loss_best,test/loss,test/acc,test/prec,test/rec,test/preds_sum,test/targets_sum,test/TP_epoch,test/FP_epoch,test/TN_epoch,test/FN_epoch,test/acc_epoch,test/prec_epoch,test/rec_epoch,test/preds_sum_epoch,test/targets_sum_epoch
0.16242249310016632,0.11737843602895737,0.0,0.0,0.0,392.0,0.22961875796318054,0.16242249310016632,0,21,,,,,,,,,,,,,,,,,,,,,,,
,,,,,,,,0,21,0.19278119504451752,0.13899096846580505,0.0,0.0,0.0,442.3636474609375,0.13899096846580505,0.19278119504451752,,,,,,,,,,,,,,,
0.14023125171661377,0.46006277203559875,0.37790539860725403,1.0,139.8333282470703,392.0,0.46006277203559875,0.14023125171661377,1,43,,,,,,,,,,,,,,,,,,,,,,,
,,,,,,,,1,43,0.18444372713565826,0.2818669080734253,0.17147459089756012,0.5340949892997742,75.45454406738281,442.3636474609375,0.2818669080734253,0.18444372713565826,,,,,,,,,,,,,,,
0.13803035020828247,0.4595637619495392,0.3772440254688263,1.0,139.5,392.0,0.46006277203559875,0.13803035020828247,2,65,,,,,,,,,,,,,,,,,,,,,,,
,,,,,,,,2,65,0.15875244140625,0.46989744901657104,0.3902765214443207,0.9908029437065125,173.77272033691406,442.3636474609375,0.46989744901657104,0.15875244140625,,,,,,,,,,,,,,,
0.14025573432445526,0.45380422472953796,0.36963823437690735,1.0,135.6666717529297,392.0,0.46006277203559875,0.13803035020828247,3,87,,,,,,,,,,,,,,,,,,,,,,,
,,,,,,,,3,87,0.1535700112581253,0.4861309230327606,0.4069398045539856,0.9911596775054932,183.63636779785156,442.3636474609375,0.4861309230327606,0.1535700112581253,,,,,,,,,,,,,,,
0.13685667514801025,0.46031227707862854,0.37823614478111267,1.0,140.0,392.0,0.46031227707862854,0.13685667514801025,4,109,,,,,,,,,,,,,,,,,,,,,,,
,,,,,,,,4,109,0.1487630307674408,0.5071256756782532,0.42889830470085144,0.9943357110023499,192.77272033691406,442.3636474609375,0.5071256756782532,0.1487630307674408,,,,,,,,,,,,,,,
0.13188296556472778,0.48005905747413635,0.40230080485343933,1.0,151.5,392.0,0.48005905747413635,0.13188296556472778,5,131,,,,,,,,,,,,,,,,,,,,,,,
,,,,,,,,5,131,0.1425292044878006,0.5077714323997498,0.4322732090950012,0.9950439929962158,191.86363220214844,442.3636474609375,0.5077714323997498,0.1425292044878006,,,,,,,,,,,,,,,
0.13816434144973755,0.46386781334877014,0.3817916810512543,1.0,141.3333282470703,392.0,0.48005905747413635,0.13188296556472778,6,153,,,,,,,,,,,,,,,,,,,,,,,
,,,,,,,,6,153,0.13773183524608612,0.5458277463912964,0.47861650586128235,0.9916121959686279,209.59091186523438,442.3636474609375,0.5458277463912964,0.13773183524608612,,,,,,,,,,,,,,,
0.13989140093326569,0.46209004521369934,0.38001391291618347,1.0,140.6666717529297,392.0,0.48005905747413635,0.13188296556472778,7,175,,,,,,,,,,,,,,,,,,,,,,,
,,,,,,,,7,175,0.14143501222133636,0.5598949193954468,0.4942467510700226,0.9893608093261719,221.0,442.3636474609375,0.5598949193954468,0.13773183524608612,,,,,,,,,,,,,,,
0.13864745199680328,0.5294923782348633,0.44846367835998535,1.0,162.1666717529297,392.0,0.5294923782348633,0.13188296556472778,8,197,,,,,,,,,,,,,,,,,,,,,,,
,,,,,,,,8,197,0.1356084644794464,0.5620275735855103,0.49850788712501526,0.9917564392089844,222.72727966308594,442.3636474609375,0.5620275735855103,0.1356084644794464,,,,,,,,,,,,,,,
0.1424940675497055,0.45806679129600525,0.3752599060535431,1.0,138.5,392.0,0.5294923782348633,0.13188296556472778,9,219,,,,,,,,,,,,,,,,,,,,,,,
,,,,,,,,9,219,0.14166483283042908,0.5702123045921326,0.5048494935035706,0.988913357257843,228.9545440673828,442.3636474609375,0.5702123045921326,0.1356084644794464,,,,,,,,,,,,,,,
0.13860458135604858,0.48862436413764954,0.40681686997413635,1.0,149.8333282470703,392.0,0.5294923782348633,0.13188296556472778,10,241,,,,,,,,,,,,,,,,,,,,,,,
,,,,,,,,10,241,0.13968640565872192,0.5761604905128479,0.5103302597999573,0.9918136596679688,229.90908813476562,442.3636474609375,0.5761604905128479,0.1356084644794464,,,,,,,,,,,,,,,
0.13142259418964386,0.5899021029472351,0.5173450112342834,1.0,188.6666717529297,392.0,0.5899021029472351,0.13142259418964386,11,263,,,,,,,,,,,,,,,,,,,,,,,
,,,,,,,,11,263,0.13032780587673187,0.613661527633667,0.5546533465385437,0.9920303821563721,247.68182373046875,442.3636474609375,0.613661527633667,0.13032780587673187,,,,,,,,,,,,,,,
0.1299443244934082,0.5248228311538696,0.4455373287200928,1.0,162.5,392.0,0.5899021029472351,0.1299443244934082,12,285,,,,,,,,,,,,,,,,,,,,,,,
,,,,,,,,12,285,0.12796355783939362,0.6254156827926636,0.5692742466926575,0.9912877678871155,254.86363220214844,442.3636474609375,0.6254156827926636,0.12796355783939362,,,,,,,,,,,,,,,
0.13416869938373566,0.594459056854248,0.5150507688522339,1.0,182.5,392.0,0.594459056854248,0.1299443244934082,13,307,,,,,,,,,,,,,,,,,,,,,,,
,,,,,,,,13,307,0.12056262046098709,0.6361922025680542,0.5839715003967285,0.9917058944702148,258.1363525390625,442.3636474609375,0.6361922025680542,0.12056262046098709,,,,,,,,,,,,,,,
0.12428949028253555,0.5671474933624268,0.5016265511512756,1.0,191.1666717529297,392.0,0.594459056854248,0.12428949028253555,14,329,,,,,,,,,,,,,,,,,,,,,,,
,,,,,,,,14,329,0.12297794967889786,0.6632856726646423,0.6145894527435303,0.9899835586547852,273.6363525390625,442.3636474609375,0.6632856726646423,0.12056262046098709,,,,,,,,,,,,,,,
0.13079513609409332,0.6033913493156433,0.5365613698959351,1.0,200.0,392.0,0.6033913493156433,0.12428949028253555,15,351,,,,,,,,,,,,,,,,,,,,,,,
,,,,,,,,15,351,0.11875641345977783,0.6582280993461609,0.6063007116317749,0.9950172305107117,268.81817626953125,442.3636474609375,0.6632856726646423,0.11875641345977783,,,,,,,,,,,,,,,
0.11680880188941956,0.6828574538230896,0.614863932132721,1.0,221.1666717529297,392.0,0.6828574538230896,0.11680880188941956,16,373,,,,,,,,,,,,,,,,,,,,,,,
,,,,,,,,16,373,0.11776252090930939,0.6672621369361877,0.6181477904319763,0.9935079216957092,275.0,442.3636474609375,0.6672621369361877,0.11776252090930939,,,,,,,,,,,,,,,
0.040947075933218,0.9473032355308533,0.9351100921630859,1.0,363.1666564941406,392.0,0.9473032355308533,0.040947075933218,17,395,,,,,,,,,,,,,,,,,,,,,,,
,,,,,,,,17,395,0.06489460915327072,0.8945396542549133,0.8867483139038086,0.9884061217308044,396.2272644042969,442.3636474609375,0.8945396542549133,0.06489460915327072,,,,,,,,,,,,,,,
0.013712729327380657,0.9824061393737793,0.9769911170005798,1.0,380.6666564941406,392.0,0.9824061393737793,0.013712729327380657,18,417,,,,,,,,,,,,,,,,,,,,,,,
,,,,,,,,18,417,0.024793149903416634,0.9640443921089172,0.9607311487197876,0.9973556399345398,425.68182373046875,442.3636474609375,0.9640443921089172,0.024793149903416634,,,,,,,,,,,,,,,
0.007826090790331364,0.987967312335968,0.9841791987419128,1.0,384.1666564941406,392.0,0.987967312335968,0.007826090790331364,19,439,,,,,,,,,,,,,,,,,,,,,,,
,,,,,,,,19,439,0.017713261768221855,0.9727140069007874,0.9700971841812134,0.9979922771453857,429.9090881347656,442.3636474609375,0.9727140069007874,0.017713261768221855,,,,,,,,,,,,,,,
0.012155100703239441,0.9748744368553162,0.9694607257843018,1.0,379.6666564941406,392.0,0.987967312335968,0.007826090790331364,20,461,,,,,,,,,,,,,,,,,,,,,,,
,,,,,,,,20,461,0.013469486497342587,0.9827321767807007,0.9809732437133789,0.9985212683677673,434.8636474609375,442.3636474609375,0.9827321767807007,0.013469486497342587,,,,,,,,,,,,,,,
0.012526684440672398,0.9821711182594299,0.9777209758758545,1.0,382.3333435058594,392.0,0.987967312335968,0.007826090790331364,21,483,,,,,,,,,,,,,,,,,,,,,,,
,,,,,,,,21,483,0.009404614567756653,0.9862282276153564,0.9848987460136414,0.9990168213844299,435.8636474609375,442.3636474609375,0.9862282276153564,0.009404614567756653,,,,,,,,,,,,,,,
0.0028233602643013,0.9951007962226868,0.9935080409049988,1.0,388.8333435058594,392.0,0.9951007962226868,0.0028233602643013,22,505,,,,,,,,,,,,,,,,,,,,,,,
,,,,,,,,22,505,0.008535639382898808,0.9866964221000671,0.9847860336303711,0.999605119228363,435.8636474609375,442.3636474609375,0.9866964221000671,0.008535639382898808,,,,,,,,,,,,,,,
0.011412915773689747,0.9884979128837585,0.9848405718803406,1.0,384.5,392.0,0.9951007962226868,0.0028233602643013,23,527,,,,,,,,,,,,,,,,,,,,,,,
,,,,,,,,23,527,0.007421454414725304,0.992318332195282,0.9916635155677795,0.9993969202041626,438.9545593261719,442.3636474609375,0.992318332195282,0.007421454414725304,,,,,,,,,,,,,,,
0.0033381953835487366,0.993094265460968,0.9908625483512878,1.0,387.5,392.0,0.9951007962226868,0.0028233602643013,24,549,,,,,,,,,,,,,,,,,,,,,,,
,,,,,,,,24,549,0.007275471463799477,0.9891584515571594,0.9879276752471924,0.9993987679481506,437.2727355957031,442.3636474609375,0.992318332195282,0.007275471463799477,,,,,,,,,,,,,,,
0.001755943987518549,0.9959285855293274,0.9946045875549316,1.0,389.3333435058594,392.0,0.9959285855293274,0.001755943987518549,25,571,,,,,,,,,,,,,,,,,,,,,,,
,,,,,,,,25,571,0.005696186795830727,0.9919084906578064,0.9909940958023071,0.9995973110198975,438.4090881347656,442.3636474609375,0.992318332195282,0.005696186795830727,,,,,,,,,,,,,,,
0.0010372541146352887,0.998227059841156,0.9976503849029541,1.0,390.8333435058594,392.0,0.998227059841156,0.0010372541146352887,26,593,,,,,,,,,,,,,,,,,,,,,,,
,,,,,,,,26,593,0.005032625049352646,0.9942260384559631,0.9934743642807007,0.9998006224632263,439.5909118652344,442.3636474609375,0.9942260384559631,0.005032625049352646,,,,,,,,,,,,,,,
0.001792031922377646,0.9953927397727966,0.9939084053039551,1.0,389.0,392.0,0.998227059841156,0.0010372541146352887,27,615,,,,,,,,,,,,,,,,,,,,,,,
,,,,,,,,27,615,0.005406550597399473,0.9943084716796875,0.9936328530311584,0.9997003674507141,439.68182373046875,442.3636474609375,0.9943084716796875,0.005032625049352646,,,,,,,,,,,,,,,
0.0051854983903467655,0.993094265460968,0.9908625483512878,1.0,387.5,392.0,0.998227059841156,0.0010372541146352887,28,637,,,,,,,,,,,,,,,,,,,,,,,
,,,,,,,,28,637,0.004313446115702391,0.9947675466537476,0.9942461252212524,0.9997022747993469,439.8636474609375,442.3636474609375,0.9947675466537476,0.004313446115702391,,,,,,,,,,,,,,,
0.0022592891473323107,0.9948937296867371,0.9932470321655273,1.0,388.6666564941406,392.0,0.998227059841156,0.0010372541146352887,29,659,,,,,,,,,,,,,,,,,,,,,,,
,,,,,,,,29,659,0.004004396963864565,0.9950435161590576,0.9943583011627197,0.9998989701271057,439.81817626953125,442.3636474609375,0.9950435161590576,0.004004396963864565,,,,,,,,,,,,,,,
0.00032594799995422363,1.0,1.0,1.0,392.0,392.0,1.0,0.00032594799995422363,30,681,,,,,,,,,,,,,,,,,,,,,,,
,,,,,,,,30,681,0.0036692030262202024,0.9953762292861938,0.9946755766868591,1.0,440.31817626953125,442.3636474609375,0.9953762292861938,0.0036692030262202024,,,,,,,,,,,,,,,
0.0019323872402310371,0.996178150177002,0.9949352741241455,1.0,389.5,392.0,1.0,0.00032594799995422363,31,703,,,,,,,,,,,,,,,,,,,,,,,
,,,,,,,,31,703,0.0050741336308419704,0.9950258135795593,0.9946020245552063,0.9995957016944885,440.0454406738281,442.3636474609375,0.9953762292861938,0.0036692030262202024,,,,,,,,,,,,,,,
0.003840148216113448,0.9936197400093079,0.9915587306022644,1.0,387.8333435058594,392.0,1.0,0.00032594799995422363,32,725,,,,,,,,,,,,,,,,,,,,,,,
,,,,,,,,32,725,0.0030056878458708525,0.9963802099227905,0.9958208203315735,1.0,440.4545593261719,442.3636474609375,0.9963802099227905,0.0030056878458708525,,,,,,,,,,,,,,,
0.0022309552878141403,0.9959445595741272,0.9946393966674805,1.0,389.3333435058594,392.0,1.0,0.00032594799995422363,33,747,,,,,,,,,,,,,,,,,,,,,,,
,,,,,,,,33,747,0.0032406277023255825,0.996782124042511,0.9963485598564148,0.9999009966850281,440.7272644042969,442.3636474609375,0.996782124042511,0.0030056878458708525,,,,,,,,,,,,,,,
0.0004711883666459471,1.0,1.0,1.0,392.0,392.0,1.0,0.00032594799995422363,34,769,,,,,,,,,,,,,,,,,,,,,,,
,,,,,,,,34,769,0.0037961790803819895,0.9957115650177002,0.9949985146522522,1.0,440.31817626953125,442.3636474609375,0.996782124042511,0.0030056878458708525,,,,,,,,,,,,,,,
0.00029384251683950424,1.0,1.0,1.0,392.0,392.0,1.0,0.00029384251683950424,35,791,,,,,,,,,,,,,,,,,,,,,,,
,,,,,,,,35,791,0.003120503621175885,0.9967460632324219,0.9962719082832336,0.9998907446861267,440.68182373046875,442.3636474609375,0.996782124042511,0.0030056878458708525,,,,,,,,,,,,,,,
0.00021710495639126748,1.0,1.0,1.0,392.0,392.0,1.0,0.00021710495639126748,36,813,,,,,,,,,,,,,,,,,,,,,,,
,,,,,,,,36,813,0.0029076621867716312,0.997044563293457,0.9965425133705139,1.0,440.7727355957031,442.3636474609375,0.997044563293457,0.0029076621867716312,,,,,,,,,,,,,,,
0.0005765760433860123,0.9997504353523254,0.9996693134307861,1.0,391.8333435058594,392.0,1.0,0.00021710495639126748,37,835,,,,,,,,,,,,,,,,,,,,,,,
,,,,,,,,37,835,0.0034845666959881783,0.9964527487754822,0.996137797832489,0.9997004866600037,440.7272644042969,442.3636474609375,0.997044563293457,0.0029076621867716312,,,,,,,,,,,,,,,
0.00019568762218113989,1.0,1.0,1.0,392.0,392.0,1.0,0.00019568762218113989,38,857,,,,,,,,,,,,,,,,,,,,,,,
,,,,,,,,38,857,0.0024015912786126137,0.9975452423095703,0.9971328973770142,1.0,441.0454406738281,442.3636474609375,0.9975452423095703,0.0024015912786126137,,,,,,,,,,,,,,,
0.0007593519985675812,0.9994745254516602,0.9993038177490234,1.0,391.6666564941406,392.0,1.0,0.00019568762218113989,39,879,,,,,,,,,,,,,,,,,,,,,,,
,,,,,,,,39,879,0.0028944865334779024,0.9970821738243103,0.9967762231826782,0.9997962713241577,441.0909118652344,442.3636474609375,0.9975452423095703,0.0024015912786126137,,,,,,,,,,,,,,,
0.00019650731701403856,1.0,1.0,1.0,392.0,392.0,1.0,0.00019568762218113989,40,901,,,,,,,,,,,,,,,,,,,,,,,
,,,,,,,,40,901,0.003281843848526478,0.9963662624359131,0.9960479736328125,0.9997079968452454,440.68182373046875,442.3636474609375,0.9975452423095703,0.0024015912786126137,,,,,,,,,,,,,,,
3.7704172427766025e-05,1.0,1.0,1.0,392.0,392.0,1.0,3.7704172427766025e-05,41,923,,,,,,,,,,,,,,,,,,,,,,,
,,,,,,,,41,923,0.002378578996285796,0.9972556829452515,0.9969079494476318,0.9999026656150818,441.0,442.3636474609375,0.9975452423095703,0.002378578996285796,,,,,,,,,,,,,,,
0.00015307206194847822,1.0,1.0,1.0,392.0,392.0,1.0,3.7704172427766025e-05,42,945,,,,,,,,,,,,,,,,,,,,,,,
,,,,,,,,42,945,0.002134903334081173,0.9972741603851318,0.9968171715736389,1.0,440.9090881347656,442.3636474609375,0.9975452423095703,0.002134903334081173,,,,,,,,,,,,,,,
3.869226929964498e-05,1.0,1.0,1.0,392.0,392.0,1.0,3.7704172427766025e-05,43,967,,,,,,,,,,,,,,,,,,,,,,,
,,,,,,,,43,967,0.0012575435684993863,0.9982330799102783,0.9979400038719177,1.0,441.4090881347656,442.3636474609375,0.9982330799102783,0.0012575435684993863,,,,,,,,,,,,,,,
0.00030977040296420455,1.0,1.0,1.0,392.0,392.0,1.0,3.7704172427766025e-05,44,989,,,,,,,,,,,,,,,,,,,,,,,
,,,,,,,,44,989,0.0031681121326982975,0.9969063401222229,0.9965308904647827,0.9998978972434998,440.81817626953125,442.3636474609375,0.9982330799102783,0.0012575435684993863,,,,,,,,,,,,,,,
3.616330650402233e-05,1.0,1.0,1.0,392.0,392.0,1.0,3.616330650402233e-05,45,1011,,,,,,,,,,,,,,,,,,,,,,,
,,,,,,,,45,1011,0.002706207800656557,0.9965137839317322,0.9959545135498047,1.0,440.5,442.3636474609375,0.9982330799102783,0.0012575435684993863,,,,,,,,,,,,,,,
1.6426356523879804e-05,1.0,1.0,1.0,392.0,392.0,1.0,1.6426356523879804e-05,46,1033,,,,,,,,,,,,,,,,,,,,,,,
,,,,,,,,46,1033,0.0014936263905838132,0.9981744885444641,0.9979396462440491,0.9999018311500549,441.4545593261719,442.3636474609375,0.9982330799102783,0.0012575435684993863,,,,,,,,,,,,,,,
6.6384004639985505e-06,1.0,1.0,1.0,392.0,392.0,1.0,6.6384004639985505e-06,47,1055,,,,,,,,,,,,,,,,,,,,,,,
,,,,,,,,47,1055,0.0018218905897811055,0.9983901381492615,0.9981979131698608,0.9999015927314758,441.7272644042969,442.3636474609375,0.9983901381492615,0.0012575435684993863,,,,,,,,,,,,,,,
3.850393113680184e-05,1.0,1.0,1.0,392.0,392.0,1.0,6.6384004639985505e-06,48,1077,,,,,,,,,,,,,,,,,,,,,,,
,,,,,,,,48,1077,0.002649686299264431,0.9969543218612671,0.9965456128120422,0.9998987317085266,440.81817626953125,442.3636474609375,0.9983901381492615,0.0012575435684993863,,,,,,,,,,,,,,,
0.0002359505306230858,0.999739944934845,0.9996693134307861,1.0,391.8333435058594,392.0,1.0,6.6384004639985505e-06,49,1099,,,,,,,,,,,,,,,,,,,,,,,
,,,,,,,,49,1099,0.002970671746879816,0.9960665106773376,0.9957036375999451,0.9997010827064514,440.5454406738281,442.3636474609375,0.9983901381492615,0.0012575435684993863,,,,,,,,,,,,,,,
0.00017387392290402204,0.9994799494743347,0.9993386268615723,1.0,391.6666564941406,392.0,1.0,6.6384004639985505e-06,50,1121,,,,,,,,,,,,,,,,,,,,,,,
,,,,,,,,50,1121,0.0010323857422918081,0.9981216788291931,0.997819185256958,1.0,441.3636474609375,442.3636474609375,0.9983901381492615,0.0010323857422918081,,,,,,,,,,,,,,,
0.0009685824625194073,0.9989599585533142,0.9986772537231445,1.0,391.3333435058594,392.0,1.0,6.6384004639985505e-06,51,1143,,,,,,,,,,,,,,,,,,,,,,,
,,,,,,,,51,1143,0.0009669873979873955,0.9985491037368774,0.9983161687850952,1.0,441.5909118652344,442.3636474609375,0.9985491037368774,0.0009669873979873955,,,,,,,,,,,,,,,
0.0025413092225790024,0.9976809024810791,0.9970238208770752,1.0,390.5,392.0,1.0,6.6384004639985505e-06,52,1165,,,,,,,,,,,,,,,,,,,,,,,
,,,,,,,,52,1165,0.0008542928262613714,0.998789370059967,0.9986091256141663,1.0,441.7272644042969,442.3636474609375,0.998789370059967,0.0008542928262613714,,,,,,,,,,,,,,,
0.0006630601710639894,0.9989599585533142,0.9986772537231445,1.0,391.3333435058594,392.0,1.0,6.6384004639985505e-06,53,1187,,,,,,,,,,,,,,,,,,,,,,,
,,,,,,,,53,1187,0.0010574042098596692,0.9984369277954102,0.99831223487854,0.9999009966850281,441.6363525390625,442.3636474609375,0.998789370059967,0.0008542928262613714,,,,,,,,,,,,,,,
0.00014754763105884194,1.0,1.0,1.0,392.0,392.0,1.0,6.6384004639985505e-06,54,1209,,,,,,,,,,,,,,,,,,,,,,,
,,,,,,,,54,1209,0.000793855229858309,0.9986123442649841,0.9983962774276733,1.0,441.6363525390625,442.3636474609375,0.998789370059967,0.000793855229858309,,,,,,,,,,,,,,,
0.010924751870334148,0.9899738430976868,0.9868246912956238,1.0,385.5,392.0,1.0,6.6384004639985505e-06,55,1231,,,,,,,,,,,,,,,,,,,,,,,
,,,,,,,,55,1231,0.0030419451650232077,0.9969474673271179,0.9966192841529846,0.9996864795684814,441.4090881347656,442.3636474609375,0.998789370059967,0.000793855229858309,,,,,,,,,,,,,,,
0.0007057129987515509,0.9989599585533142,0.9986772537231445,1.0,391.3333435058594,392.0,1.0,6.6384004639985505e-06,56,1253,,,,,,,,,,,,,,,,,,,,,,,
,,,,,,,,56,1253,0.0015845525776967406,0.9977079033851624,0.9974231123924255,0.9999002814292908,441.2272644042969,442.3636474609375,0.998789370059967,0.000793855229858309,,,,,,,,,,,,,,,
0.000178811329533346,0.9992199540138245,0.9990079402923584,1.0,391.5,392.0,1.0,6.6384004639985505e-06,57,1275,,,,,,,,,,,,,,,,,,,,,,,
,,,,,,,,57,1275,0.0007892088615335524,0.9988779425621033,0.9987115263938904,1.0,441.7727355957031,442.3636474609375,0.9988779425621033,0.0007892088615335524,,,,,,,,,,,,,,,
0.00024534662952646613,1.0,1.0,1.0,392.0,392.0,1.0,6.6384004639985505e-06,58,1297,,,,,,,,,,,,,,,,,,,,,,,
,,,,,,,,58,1297,0.00132932688575238,0.9984039664268494,0.9983224868774414,0.9997979998588562,441.68182373046875,442.3636474609375,0.9988779425621033,0.0007892088615335524,,,,,,,,,,,,,,,
7.594329508719966e-05,1.0,1.0,1.0,392.0,392.0,1.0,6.6384004639985505e-06,59,1319,,,,,,,,,,,,,,,,,,,,,,,
,,,,,,,,59,1319,0.0007769505027681589,0.9987180829048157,0.9985101222991943,1.0,441.68182373046875,442.3636474609375,0.9988779425621033,0.0007769505027681589,,,,,,,,,,,,,,,
0.0001912517036544159,0.9994799494743347,0.9993386268615723,1.0,391.6666564941406,392.0,1.0,6.6384004639985505e-06,60,1341,,,,,,,,,,,,,,,,,,,,,,,
,,,,,,,,60,1341,0.0009862474398687482,0.9988977909088135,0.9988133907318115,0.9998947381973267,441.8636474609375,442.3636474609375,0.9988977909088135,0.0007769505027681589,,,,,,,,,,,,,,,
0.0001636749948374927,0.9992199540138245,0.9990079402923584,1.0,391.5,392.0,1.0,6.6384004639985505e-06,61,1363,,,,,,,,,,,,,,,,,,,,,,,
,,,,,,,,61,1363,0.001054369960911572,0.9979010224342346,0.9975340366363525,1.0,441.3636474609375,442.3636474609375,0.9988977909088135,0.0007769505027681589,,,,,,,,,,,,,,,
0.00015239509230013937,0.9994799494743347,0.9993386268615723,1.0,391.6666564941406,392.0,1.0,6.6384004639985505e-06,62,1385,,,,,,,,,,,,,,,,,,,,,,,
,,,,,,,,62,1385,0.00104333006311208,0.998972475528717,0.9989131689071655,0.9999001026153564,441.9090881347656,442.3636474609375,0.998972475528717,0.0007769505027681589,,,,,,,,,,,,,,,
1.0461819329066202e-05,1.0,1.0,1.0,392.0,392.0,1.0,6.6384004639985505e-06,63,1407,,,,,,,,,,,,,,,,,,,,,,,
,,,,,,,,63,1407,0.0008555093663744628,0.9989331960678101,0.9987356662750244,1.0,441.7727355957031,442.3636474609375,0.998972475528717,0.0007769505027681589,,,,,,,,,,,,,,,
8.986696047941223e-05,1.0,1.0,1.0,392.0,392.0,1.0,6.6384004639985505e-06,64,1429,,,,,,,,,,,,,,,,,,,,,,,
,,,,,,,,64,1429,0.001148488256148994,0.9982764720916748,0.9980707168579102,0.9998959898948669,441.5,442.3636474609375,0.998972475528717,0.0007769505027681589,,,,,,,,,,,,,,,
1.9250248442403972e-05,1.0,1.0,1.0,392.0,392.0,1.0,6.6384004639985505e-06,65,1451,,,,,,,,,,,,,,,,,,,,,,,
,,,,,,,,65,1451,0.0010159746743738651,0.9987542629241943,0.9985326528549194,1.0,441.68182373046875,442.3636474609375,0.998972475528717,0.0007769505027681589,,,,,,,,,,,,,,,
1.9198347217752598e-05,1.0,1.0,1.0,392.0,392.0,1.0,6.6384004639985505e-06,66,1473,,,,,,,,,,,,,,,,,,,,,,,
,,,,,,,,66,1473,0.0007894088048487902,0.9983989596366882,0.998235285282135,0.9998994469642639,441.5909118652344,442.3636474609375,0.998972475528717,0.0007769505027681589,,,,,,,,,,,,,,,
1.0505641512281727e-06,1.0,1.0,1.0,392.0,392.0,1.0,1.0505641512281727e-06,67,1495,,,,,,,,,,,,,,,,,,,,,,,
,,,,,,,,67,1495,0.0006420645513571799,0.9990113973617554,0.9988298416137695,1.0,441.81817626953125,442.3636474609375,0.9990113973617554,0.0006420645513571799,,,,,,,,,,,,,,,
6.157881216495298e-06,1.0,1.0,1.0,392.0,392.0,1.0,1.0505641512281727e-06,68,1517,,,,,,,,,,,,,,,,,,,,,,,
,,,,,,,,68,1517,0.0008647717186249793,0.9994440674781799,0.9993326663970947,1.0,442.0454406738281,442.3636474609375,0.9994440674781799,0.0006420645513571799,,,,,,,,,,,,,,,
5.315742441780458e-07,1.0,1.0,1.0,392.0,392.0,1.0,5.315742441780458e-07,69,1539,,,,,,,,,,,,,,,,,,,,,,,
,,,,,,,,69,1539,0.0005347339319996536,0.9991512894630432,0.9990087151527405,1.0,441.9090881347656,442.3636474609375,0.9994440674781799,0.0005347339319996536,,,,,,,,,,,,,,,
4.07286461268086e-06,1.0,1.0,1.0,392.0,392.0,1.0,5.315742441780458e-07,70,1561,,,,,,,,,,,,,,,,,,,,,,,
,,,,,,,,70,1561,8.607991912867874e-05,0.9999094605445862,0.999899685382843,1.0,442.31817626953125,442.3636474609375,0.9999094605445862,8.607991912867874e-05,,,,,,,,,,,,,,,
0.000245921517489478,0.999739944934845,0.9996693134307861,1.0,391.8333435058594,392.0,1.0,5.315742441780458e-07,71,1583,,,,,,,,,,,,,,,,,,,,,,,
,,,,,,,,71,1583,0.0007944671669974923,0.9994000792503357,0.9993963241577148,0.9999011754989624,442.1363525390625,442.3636474609375,0.9999094605445862,8.607991912867874e-05,,,,,,,,,,,,,,,
5.4195650591282174e-05,1.0,1.0,1.0,392.0,392.0,1.0,5.315742441780458e-07,72,1605,,,,,,,,,,,,,,,,,,,,,,,
,,,,,,,,72,1605,0.0006987397791817784,0.9987058639526367,0.9984895586967468,1.0,441.68182373046875,442.3636474609375,0.9999094605445862,8.607991912867874e-05,,,,,,,,,,,,,,,
7.928642844490241e-06,1.0,1.0,1.0,392.0,392.0,1.0,5.315742441780458e-07,73,1627,,,,,,,,,,,,,,,,,,,,,,,
,,,,,,,,73,1627,0.0008035845821723342,0.9990514516830444,0.998904287815094,1.0,441.8636474609375,442.3636474609375,0.9999094605445862,8.607991912867874e-05,,,,,,,,,,,,,,,
3.626040415838361e-05,1.0,1.0,1.0,392.0,392.0,1.0,5.315742441780458e-07,74,1649,,,,,,,,,,,,,,,,,,,,,,,
,,,,,,,,74,1649,0.0003767659654840827,0.9997453093528748,0.9998023509979248,0.9999026656150818,442.31817626953125,442.3636474609375,0.9999094605445862,8.607991912867874e-05,,,,,,,,,,,,,,,
2.8928855044796364e-06,1.0,1.0,1.0,392.0,392.0,1.0,5.315742441780458e-07,75,1671,,,,,,,,,,,,,,,,,,,,,,,
,,,,,,,,75,1671,0.0009584996732883155,0.9985471367835999,0.9983139634132385,1.0,441.5909118652344,442.3636474609375,0.9999094605445862,8.607991912867874e-05,,,,,,,,,,,,,,,
0.0005885037244297564,0.9989599585533142,0.9986772537231445,1.0,391.3333435058594,392.0,1.0,5.315742441780458e-07,76,1693,,,,,,,,,,,,,,,,,,,,,,,
,,,,,,,,76,1693,0.0004981147940270603,0.9992532134056091,0.9991161823272705,1.0,441.9545593261719,442.3636474609375,0.9999094605445862,8.607991912867874e-05,,,,,,,,,,,,,,,
0.0005076101515442133,0.9989599585533142,0.9986772537231445,1.0,391.3333435058594,392.0,1.0,5.315742441780458e-07,77,1715,,,,,,,,,,,,,,,,,,,,,,,
,,,,,,,,77,1715,0.0007249273476190865,0.9993463754653931,0.9992355704307556,1.0,442.1363525390625,442.3636474609375,0.9999094605445862,8.607991912867874e-05,,,,,,,,,,,,,,,
0.00018682806694414467,0.9994799494743347,0.9993386268615723,1.0,391.6666564941406,392.0,1.0,5.315742441780458e-07,78,1737,,,,,,,,,,,,,,,,,,,,,,,
,,,,,,,,78,1737,0.0006767625454813242,0.9991693496704102,0.9991203546524048,0.9999021887779236,442.0,442.3636474609375,0.9999094605445862,8.607991912867874e-05,,,,,,,,,,,,,,,
0.0024467313196510077,0.9963910579681396,0.9953007698059082,1.0,389.6666564941406,392.0,1.0,5.315742441780458e-07,79,1759,,,,,,,,,,,,,,,,,,,,,,,
,,,,,,,,79,1759,0.00129026104696095,0.9985643029212952,0.9985193014144897,0.9998001456260681,441.7727355957031,442.3636474609375,0.9999094605445862,8.607991912867874e-05,,,,,,,,,,,,,,,
2.9423468731692992e-05,1.0,1.0,1.0,392.0,392.0,1.0,5.315742441780458e-07,80,1781,,,,,,,,,,,,,,,,,,,,,,,
,,,,,,,,80,1781,0.0009636502945795655,0.9978623986244202,0.9976170063018799,0.9998989701271057,441.31817626953125,442.3636474609375,0.9999094605445862,8.607991912867874e-05,,,,,,,,,,,,,,,
,,,,,,,,80,1782,,,,,,,,,0.00032594799995422363,1.0,1.0,1.0,392.0,392.0,2352.0,0.0,449.0,0.0,1.0,1.0,1.0,2352.0,2352.0
