val/loss,val/acc,val/prec,val/rec,val/preds_sum,val/targets_sum,val/acc_best,val/loss_best,epoch,step,train/loss,train/acc,train/prec,train/rec,train/preds_sum,train/targets_sum,train/acc_best,train/loss_best,test/loss,test/acc,test/prec,test/rec,test/preds_sum,test/targets_sum,test/TP_epoch,test/FP_epoch,test/TN_epoch,test/FN_epoch,test/acc_epoch,test/prec_epoch,test/rec_epoch,test/preds_sum_epoch,test/targets_sum_epoch
0.3290644586086273,0.23736906051635742,0.0,0.0,0.0,434.0,0.25708186626434326,0.3290644586086273,0,21,,,,,,,,,,,,,,,,,,,,,,,
,,,,,,,,0,21,0.153181254863739,0.11049241572618484,0.0,0.0,0.0,434.5454406738281,0.11049241572618484,0.153181254863739,,,,,,,,,,,,,,,
0.3281521797180176,0.23736906051635742,0.0,0.0,0.0,434.0,0.25708186626434326,0.3281521797180176,1,43,,,,,,,,,,,,,,,,,,,,,,,
,,,,,,,,1,43,0.15395639836788177,0.11114028096199036,0.0,0.0,0.0,434.5454406738281,0.11114028096199036,0.153181254863739,,,,,,,,,,,,,,,
0.3316986560821533,0.5281191468238831,0.38453209400177,0.98866206407547,164.0,434.0,0.5281191468238831,0.3281521797180176,2,65,,,,,,,,,,,,,,,,,,,,,,,
,,,,,,,,2,65,0.14246831834316254,0.14718493819236755,0.040293071419000626,0.22692307829856873,11.090909004211426,434.5454406738281,0.14718493819236755,0.14246831834316254,,,,,,,,,,,,,,,
0.28234371542930603,0.5755725502967834,0.4598666727542877,0.9680476188659668,203.3333282470703,434.0,0.5755725502967834,0.28234371542930603,3,87,,,,,,,,,,,,,,,,,,,,,,,
,,,,,,,,3,87,0.13538199663162231,0.5817086696624756,0.5468668937683105,0.9715136885643005,246.09091186523438,434.5454406738281,0.5817086696624756,0.13538199663162231,,,,,,,,,,,,,,,
0.2774215340614319,0.4586142301559448,0.29012176394462585,1.0,126.0,434.0,0.5755725502967834,0.2774215340614319,4,109,,,,,,,,,,,,,,,,,,,,,,,
,,,,,,,,4,109,0.1232902780175209,0.542236864566803,0.48655804991722107,0.9914512634277344,215.72727966308594,434.5454406738281,0.5817086696624756,0.1232902780175209,,,,,,,,,,,,,,,
0.2633862793445587,0.5354332327842712,0.3925785720348358,0.9928571581840515,168.3333282470703,434.0,0.5755725502967834,0.2633862793445587,5,131,,,,,,,,,,,,,,,,,,,,,,,
,,,,,,,,5,131,0.11286244541406631,0.528091549873352,0.4711377024650574,0.9950580596923828,204.4545440673828,434.5454406738281,0.5817086696624756,0.11286244541406631,,,,,,,,,,,,,,,
0.2710706293582916,0.5009002089500427,0.34748634696006775,0.9920000433921814,149.0,434.0,0.5755725502967834,0.2633862793445587,6,153,,,,,,,,,,,,,,,,,,,,,,,
,,,,,,,,6,153,0.11632564663887024,0.5801304578781128,0.5284324884414673,0.9919492602348328,232.18182373046875,434.5454406738281,0.5817086696624756,0.11286244541406631,,,,,,,,,,,,,,,
0.27846863865852356,0.5637403726577759,0.4347943365573883,0.9839518666267395,189.0,434.0,0.5755725502967834,0.2633862793445587,7,175,,,,,,,,,,,,,,,,,,,,,,,
,,,,,,,,7,175,0.10960083454847336,0.6037663221359253,0.5551881194114685,0.9928472638130188,245.68182373046875,434.5454406738281,0.6037663221359253,0.10960083454847336,,,,,,,,,,,,,,,
0.28966331481933594,0.4616977274417877,0.29721367359161377,0.9898989796638489,129.3333282470703,434.0,0.5755725502967834,0.2633862793445587,8,197,,,,,,,,,,,,,,,,,,,,,,,
,,,,,,,,8,197,0.10305403918027878,0.6517181992530823,0.613322377204895,0.9906138777732849,265.3636474609375,434.5454406738281,0.6517181992530823,0.10305403918027878,,,,,,,,,,,,,,,
0.258288711309433,0.6032329201698303,0.4829082190990448,0.991919219493866,208.6666717529297,434.0,0.6032329201698303,0.258288711309433,9,219,,,,,,,,,,,,,,,,,,,,,,,
,,,,,,,,9,219,0.0998159721493721,0.6415794491767883,0.5999801158905029,0.9933054447174072,260.5454406738281,434.5454406738281,0.6517181992530823,0.0998159721493721,,,,,,,,,,,,,,,
0.21714669466018677,0.6811534762382507,0.5795380473136902,0.9984496235847473,245.0,434.0,0.6811534762382507,0.21714669466018677,10,241,,,,,,,,,,,,,,,,,,,,,,,
,,,,,,,,10,241,0.0983346477150917,0.6964299082756042,0.6632600426673889,0.9898267984390259,290.8636474609375,434.5454406738281,0.6964299082756042,0.0983346477150917,,,,,,,,,,,,,,,
0.22715596854686737,0.6372955441474915,0.5227363705635071,0.9982547760009766,221.6666717529297,434.0,0.6811534762382507,0.21714669466018677,11,263,,,,,,,,,,,,,,,,,,,,,,,
,,,,,,,,11,263,0.08579117804765701,0.7282723784446716,0.6982061266899109,0.9937551617622375,304.1363525390625,434.5454406738281,0.7282723784446716,0.08579117804765701,,,,,,,,,,,,,,,
0.25379064679145813,0.5543320775032043,0.4138750731945038,1.0,176.0,434.0,0.6811534762382507,0.21714669466018677,12,285,,,,,,,,,,,,,,,,,,,,,,,
,,,,,,,,12,285,0.08931475132703781,0.7212859988212585,0.6892959475517273,0.9942041635513306,304.8636474609375,434.5454406738281,0.7282723784446716,0.08579117804765701,,,,,,,,,,,,,,,
0.18987993896007538,0.7491909861564636,0.6767876744270325,0.9895810484886169,293.3333435058594,434.0,0.7491909861564636,0.18987993896007538,13,307,,,,,,,,,,,,,,,,,,,,,,,
,,,,,,,,13,307,0.0841931402683258,0.7467502951622009,0.7161092758178711,0.9960273504257202,310.4090881347656,434.5454406738281,0.7467502951622009,0.0841931402683258,,,,,,,,,,,,,,,
0.24720609188079834,0.5758131146430969,0.442004531621933,1.0,188.0,434.0,0.7491909861564636,0.18987993896007538,14,329,,,,,,,,,,,,,,,,,,,,,,,
,,,,,,,,14,329,0.0953303873538971,0.707203209400177,0.6755688786506653,0.991007387638092,300.0454406738281,434.5454406738281,0.7467502951622009,0.0841931402683258,,,,,,,,,,,,,,,
0.22112369537353516,0.6894167065620422,0.5986151099205017,0.9863808751106262,256.0,434.0,0.7491909861564636,0.18987993896007538,15,351,,,,,,,,,,,,,,,,,,,,,,,
,,,,,,,,15,351,0.0969160869717598,0.6659084558486938,0.6265448927879333,0.9955148100852966,273.2272644042969,434.5454406738281,0.7467502951622009,0.0841931402683258,,,,,,,,,,,,,,,
0.2079213261604309,0.7094022631645203,0.6165719032287598,0.9985315799713135,261.0,434.0,0.7491909861564636,0.18987993896007538,16,373,,,,,,,,,,,,,,,,,,,,,,,
,,,,,,,,16,373,0.08652026206254959,0.7677091360092163,0.7400770783424377,0.9940885901451111,324.5909118652344,434.5454406738281,0.7677091360092163,0.0841931402683258,,,,,,,,,,,,,,,
0.24413244426250458,0.6087694764137268,0.48463526368141174,1.0,205.3333282470703,434.0,0.7491909861564636,0.18987993896007538,17,395,,,,,,,,,,,,,,,,,,,,,,,
,,,,,,,,17,395,0.07737564295530319,0.7977681756019592,0.7757784128189087,0.9943128228187561,341.4545593261719,434.5454406738281,0.7977681756019592,0.07737564295530319,,,,,,,,,,,,,,,
0.23245368897914886,0.662955105304718,0.5544707179069519,1.0,233.0,434.0,0.7491909861564636,0.18987993896007538,18,417,,,,,,,,,,,,,,,,,,,,,,,
,,,,,,,,18,417,0.06492403894662857,0.8445732593536377,0.8279091119766235,0.9951544404029846,360.9545593261719,434.5454406738281,0.8445732593536377,0.06492403894662857,,,,,,,,,,,,,,,
0.052822794765233994,0.9548130631446838,0.9409001469612122,1.0,408.6666564941406,434.0,0.9548130631446838,0.052822794765233994,19,439,,,,,,,,,,,,,,,,,,,,,,,
,,,,,,,,19,439,0.05389827489852905,0.8866875171661377,0.8753222823143005,0.9966926574707031,381.0909118652344,434.5454406738281,0.8866875171661377,0.05389827489852905,,,,,,,,,,,,,,,
0.03862890228629112,0.9815214276313782,0.975911557674408,1.0,424.0,434.0,0.9815214276313782,0.03862890228629112,20,461,,,,,,,,,,,,,,,,,,,,,,,
,,,,,,,,20,461,0.029793741181492805,0.9633265137672424,0.9617276787757874,0.9963638186454773,419.1363525390625,434.5454406738281,0.9633265137672424,0.029793741181492805,,,,,,,,,,,,,,,
0.0323881059885025,0.9815214276313782,0.975911557674408,1.0,424.0,434.0,0.9815214276313782,0.0323881059885025,21,483,,,,,,,,,,,,,,,,,,,,,,,
,,,,,,,,21,483,0.0329924002289772,0.9598709344863892,0.9586408734321594,0.9956569075584412,418.18182373046875,434.5454406738281,0.9633265137672424,0.029793741181492805,,,,,,,,,,,,,,,
0.026812149211764336,0.9805453419685364,0.9745809435844421,1.0,423.3333435058594,434.0,0.9815214276313782,0.026812149211764336,22,505,,,,,,,,,,,,,,,,,,,,,,,
,,,,,,,,22,505,0.020066482946276665,0.975908100605011,0.9743295907974243,0.9983757138252258,423.81817626953125,434.5454406738281,0.975908100605011,0.020066482946276665,,,,,,,,,,,,,,,
0.027750598266720772,0.9792948365211487,0.9730932116508484,1.0,423.0,434.0,0.9815214276313782,0.026812149211764336,23,527,,,,,,,,,,,,,,,,,,,,,,,
,,,,,,,,23,527,0.01703682169318199,0.9777041077613831,0.9764038324356079,0.9981945157051086,425.31817626953125,434.5454406738281,0.9777041077613831,0.01703682169318199,,,,,,,,,,,,,,,
0.03587660193443298,0.9710925221443176,0.9620283246040344,1.0,417.6666564941406,434.0,0.9815214276313782,0.026812149211764336,24,549,,,,,,,,,,,,,,,,,,,,,,,
,,,,,,,,24,549,0.015507913194596767,0.9799460768699646,0.9809551239013672,0.9964006543159485,427.7727355957031,434.5454406738281,0.9799460768699646,0.015507913194596767,,,,,,,,,,,,,,,
0.02703358232975006,0.977830708026886,0.9710971713066101,1.0,422.0,434.0,0.9815214276313782,0.026812149211764336,25,571,,,,,,,,,,,,,,,,,,,,,,,
,,,,,,,,25,571,0.013510450720787048,0.9816949367523193,0.9799051284790039,0.9991807341575623,426.2272644042969,434.5454406738281,0.9816949367523193,0.013510450720787048,,,,,,,,,,,,,,,
0.03863343968987465,0.9705798029899597,0.9613466858863831,1.0,417.3333435058594,434.0,0.9815214276313782,0.026812149211764336,26,593,,,,,,,,,,,,,,,,,,,,,,,
,,,,,,,,26,593,0.01150490902364254,0.9845144152641296,0.9837722778320312,0.9986276030540466,428.1363525390625,434.5454406738281,0.9845144152641296,0.01150490902364254,,,,,,,,,,,,,,,
0.02837325632572174,0.9779747128486633,0.9713757634162903,1.0,422.3333435058594,434.0,0.9815214276313782,0.026812149211764336,27,615,,,,,,,,,,,,,,,,,,,,,,,
,,,,,,,,27,615,0.01042886171489954,0.9855889678001404,0.9849167466163635,0.9987128973007202,428.18182373046875,434.5454406738281,0.9855889678001404,0.01042886171489954,,,,,,,,,,,,,,,
0.014172990806400776,0.989391028881073,0.9862057566642761,1.0,428.3333435058594,434.0,0.989391028881073,0.014172990806400776,28,637,,,,,,,,,,,,,,,,,,,,,,,
,,,,,,,,28,637,0.00993340089917183,0.9857146739959717,0.9843095541000366,0.9993994235992432,428.2272644042969,434.5454406738281,0.9857146739959717,0.00993340089917183,,,,,,,,,,,,,,,
0.00925367884337902,0.9929873943328857,0.9907742142677307,1.0,430.0,434.0,0.9929873943328857,0.00925367884337902,29,659,,,,,,,,,,,,,,,,,,,,,,,
,,,,,,,,29,659,0.008213992230594158,0.9874938726425171,0.9865174889564514,0.9991907477378845,428.9545593261719,434.5454406738281,0.9874938726425171,0.008213992230594158,,,,,,,,,,,,,,,
0.014020641334354877,0.987463653087616,0.9835607409477234,1.0,427.0,434.0,0.9929873943328857,0.00925367884337902,30,681,,,,,,,,,,,,,,,,,,,,,,,
,,,,,,,,30,681,0.007533983793109655,0.9894672632217407,0.9884174466133118,0.9994840025901794,429.81817626953125,434.5454406738281,0.9894672632217407,0.007533983793109655,,,,,,,,,,,,,,,
0.006237728986889124,0.992868185043335,0.9905118942260742,1.0,429.6666564941406,434.0,0.9929873943328857,0.006237728986889124,31,703,,,,,,,,,,,,,,,,,,,,,,,
,,,,,,,,31,703,0.005673661362379789,0.990373432636261,0.9893138408660889,0.9997947216033936,429.81817626953125,434.5454406738281,0.990373432636261,0.005673661362379789,,,,,,,,,,,,,,,
0.004728056024760008,0.9927489757537842,0.9902496337890625,1.0,429.3333435058594,434.0,0.9929873943328857,0.004728056024760008,32,725,,,,,,,,,,,,,,,,,,,,,,,
,,,,,,,,32,725,0.005641953554004431,0.9911658763885498,0.9904463291168213,0.9993892312049866,430.5,434.5454406738281,0.9911658763885498,0.005641953554004431,,,,,,,,,,,,,,,
0.004944175016134977,0.9923801422119141,0.9898465275764465,1.0,429.3333435058594,434.0,0.9929873943328857,0.004728056024760008,33,747,,,,,,,,,,,,,,,,,,,,,,,
,,,,,,,,33,747,0.005705308634787798,0.9902381300926208,0.9891159534454346,0.9998002648353577,429.7272644042969,434.5454406738281,0.9911658763885498,0.005641953554004431,,,,,,,,,,,,,,,
0.0035115613136440516,0.9956772327423096,0.9942416548728943,1.0,431.3333435058594,434.0,0.9956772327423096,0.0035115613136440516,34,769,,,,,,,,,,,,,,,,,,,,,,,
,,,,,,,,34,769,0.005169070791453123,0.9923067092895508,0.991358757019043,0.9998966455459595,430.9545593261719,434.5454406738281,0.9923067092895508,0.005169070791453123,,,,,,,,,,,,,,,
0.008154545910656452,0.9905223846435547,0.9874312281608582,1.0,428.3333435058594,434.0,0.9956772327423096,0.0035115613136440516,35,791,,,,,,,,,,,,,,,,,,,,,,,
,,,,,,,,35,791,0.004810776095837355,0.9926291108131409,0.9919368624687195,0.9997925162315369,431.2727355957031,434.5454406738281,0.9926291108131409,0.004810776095837355,,,,,,,,,,,,,,,
0.0036338772624731064,0.9947011470794678,0.9929109215736389,1.0,430.6666564941406,434.0,0.9956772327423096,0.0035115613136440516,36,813,,,,,,,,,,,,,,,,,,,,,,,
,,,,,,,,36,813,0.003970336634665728,0.9940577149391174,0.9932506680488586,0.9998947381973267,431.5,434.5454406738281,0.9940577149391174,0.003970336634665728,,,,,,,,,,,,,,,
0.00316084292717278,0.9961652755737305,0.9949069619178772,1.0,431.6666564941406,434.0,0.9961652755737305,0.00316084292717278,37,835,,,,,,,,,,,,,,,,,,,,,,,
,,,,,,,,37,835,0.0037502457853406668,0.9955774545669556,0.995073676109314,0.9998950362205505,432.3636474609375,434.5454406738281,0.9955774545669556,0.0037502457853406668,,,,,,,,,,,,,,,
0.004829842131584883,0.9937003254890442,0.9915639758110046,1.0,430.0,434.0,0.9961652755737305,0.00316084292717278,38,857,,,,,,,,,,,,,,,,,,,,,,,
,,,,,,,,38,857,0.0039932276122272015,0.9949708580970764,0.994335949420929,0.9999009966850281,432.1363525390625,434.5454406738281,0.9955774545669556,0.0037502457853406668,,,,,,,,,,,,,,,
0.010539094917476177,0.9900095462799072,0.9867494702339172,1.0,428.0,434.0,0.9961652755737305,0.00316084292717278,39,879,,,,,,,,,,,,,,,,,,,,,,,
,,,,,,,,39,879,0.004094366449862719,0.9948451519012451,0.9943092465400696,0.9997971057891846,432.0454406738281,434.5454406738281,0.9955774545669556,0.0037502457853406668,,,,,,,,,,,,,,,
0.00890178419649601,0.9913792610168457,0.9884995818138123,1.0,428.6666564941406,434.0,0.9961652755737305,0.00316084292717278,40,901,,,,,,,,,,,,,,,,,,,,,,,
,,,,,,,,40,901,0.003408090677112341,0.9951585531234741,0.9945670962333679,0.9999024868011475,432.1363525390625,434.5454406738281,0.9955774545669556,0.003408090677112341,,,,,,,,,,,,,,,
0.005298787262290716,0.9923553466796875,0.9898301959037781,1.0,429.3333435058594,434.0,0.9961652755737305,0.00316084292717278,41,923,,,,,,,,,,,,,,,,,,,,,,,
,,,,,,,,41,923,0.003048994578421116,0.99619460105896,0.995776891708374,0.9998998641967773,432.68182373046875,434.5454406738281,0.99619460105896,0.003048994578421116,,,,,,,,,,,,,,,
0.004111396614462137,0.993819534778595,0.9918262362480164,1.0,430.3333435058594,434.0,0.9961652755737305,0.00316084292717278,42,945,,,,,,,,,,,,,,,,,,,,,,,
,,,,,,,,42,945,0.002817427273839712,0.996306836605072,0.995894193649292,0.9999042749404907,432.7272644042969,434.5454406738281,0.996306836605072,0.002817427273839712,,,,,,,,,,,,,,,
0.0150914266705513,0.9891526699066162,0.9856811165809631,1.0,427.6666564941406,434.0,0.9961652755737305,0.00316084292717278,43,967,,,,,,,,,,,,,,,,,,,,,,,
,,,,,,,,43,967,0.0026808271650224924,0.9966816306114197,0.9962608218193054,1.0,432.8636474609375,434.5454406738281,0.9966816306114197,0.0026808271650224924,,,,,,,,,,,,,,,
0.016090892255306244,0.9886398315429688,0.9849994778633118,1.0,427.3333435058594,434.0,0.9961652755737305,0.00316084292717278,44,989,,,,,,,,,,,,,,,,,,,,,,,
,,,,,,,,44,989,0.0035905393306165934,0.9955939650535583,0.9950456023216248,0.9998971819877625,432.3636474609375,434.5454406738281,0.9966816306114197,0.0026808271650224924,,,,,,,,,,,,,,,
0.012377575039863586,0.9891526699066162,0.9856811165809631,1.0,427.6666564941406,434.0,0.9961652755737305,0.00316084292717278,45,1011,,,,,,,,,,,,,,,,,,,,,,,
,,,,,,,,45,1011,0.0024302517995238304,0.9961513876914978,0.9958480596542358,0.9998040795326233,432.7727355957031,434.5454406738281,0.9966816306114197,0.0024302517995238304,,,,,,,,,,,,,,,
0.005657333415001631,0.9961652755737305,0.9949069619178772,1.0,431.6666564941406,434.0,0.9961652755737305,0.00316084292717278,46,1033,,,,,,,,,,,,,,,,,,,,,,,
,,,,,,,,46,1033,0.0026755614671856165,0.9963861107826233,0.9958919286727905,1.0,432.68182373046875,434.5454406738281,0.9966816306114197,0.0024302517995238304,,,,,,,,,,,,,,,
0.004875951912254095,0.9966781139373779,0.9955886006355286,1.0,432.0,434.0,0.9966781139373779,0.00316084292717278,47,1055,,,,,,,,,,,,,,,,,,,,,,,
,,,,,,,,47,1055,0.002183835953474045,0.9975570440292358,0.9972072839736938,1.0,433.2727355957031,434.5454406738281,0.9975570440292358,0.002183835953474045,,,,,,,,,,,,,,,
0.0066903443075716496,0.9944515228271484,0.9927701950073242,1.0,431.0,434.0,0.9966781139373779,0.00316084292717278,48,1077,,,,,,,,,,,,,,,,,,,,,,,
,,,,,,,,48,1077,0.002113080583512783,0.9975128769874573,0.9971916675567627,1.0,433.2727355957031,434.5454406738281,0.9975570440292358,0.002113080583512783,,,,,,,,,,,,,,,
0.01572653092443943,0.9891526699066162,0.9856811165809631,1.0,427.6666564941406,434.0,0.9966781139373779,0.00316084292717278,49,1099,,,,,,,,,,,,,,,,,,,,,,,
,,,,,,,,49,1099,0.002626313827931881,0.997239351272583,0.996966540813446,0.9998959898948669,433.2272644042969,434.5454406738281,0.9975570440292358,0.002113080583512783,,,,,,,,,,,,,,,
0.005704998970031738,0.9961652755737305,0.9949069619178772,1.0,431.6666564941406,434.0,0.9966781139373779,0.00316084292717278,50,1121,,,,,,,,,,,,,,,,,,,,,,,
,,,,,,,,50,1121,0.0028902264311909676,0.9965600967407227,0.9960095882415771,1.0,432.7272644042969,434.5454406738281,0.9975570440292358,0.002113080583512783,,,,,,,,,,,,,,,
0.0055482094176113605,0.9961652755737305,0.9949069619178772,1.0,431.6666564941406,434.0,0.9966781139373779,0.00316084292717278,51,1143,,,,,,,,,,,,,,,,,,,,,,,
,,,,,,,,51,1143,0.0022466382943093777,0.9972276091575623,0.9968225359916687,1.0,433.2272644042969,434.5454406738281,0.9975570440292358,0.002113080583512783,,,,,,,,,,,,,,,
0.007987708784639835,0.9937947392463684,0.9918099045753479,1.0,430.3333435058594,434.0,0.9966781139373779,0.00316084292717278,52,1165,,,,,,,,,,,,,,,,,,,,,,,
,,,,,,,,52,1165,0.001957408618181944,0.9977452754974365,0.9974613189697266,1.0,433.4090881347656,434.5454406738281,0.9977452754974365,0.001957408618181944,,,,,,,,,,,,,,,
0.013027511537075043,0.9886398315429688,0.9849994778633118,1.0,427.3333435058594,434.0,0.9966781139373779,0.00316084292717278,53,1187,,,,,,,,,,,,,,,,,,,,,,,
,,,,,,,,53,1187,0.002237168839201331,0.9973573088645935,0.9969692230224609,1.0,433.18182373046875,434.5454406738281,0.9977452754974365,0.001957408618181944,,,,,,,,,,,,,,,
0.009938642382621765,0.9924497604370117,0.9900762438774109,1.0,429.6666564941406,434.0,0.9966781139373779,0.00316084292717278,54,1209,,,,,,,,,,,,,,,,,,,,,,,
,,,,,,,,54,1209,0.0019798562861979008,0.9976160526275635,0.997287929058075,1.0,433.31817626953125,434.5454406738281,0.9977452754974365,0.001957408618181944,,,,,,,,,,,,,,,
0.0074326894246041775,0.9951396584510803,0.9935436248779297,1.0,431.0,434.0,0.9966781139373779,0.00316084292717278,55,1231,,,,,,,,,,,,,,,,,,,,,,,
,,,,,,,,55,1231,0.0020892159081995487,0.9974687099456787,0.997200608253479,0.9999029040336609,433.31817626953125,434.5454406738281,0.9977452754974365,0.001957408618181944,,,,,,,,,,,,,,,
0.007587018888443708,0.9951396584510803,0.9935436248779297,1.0,431.0,434.0,0.9966781139373779,0.00316084292717278,56,1253,,,,,,,,,,,,,,,,,,,,,,,
,,,,,,,,56,1253,0.002292772987857461,0.9973873496055603,0.9971005916595459,0.9998996257781982,433.2727355957031,434.5454406738281,0.9977452754974365,0.001957408618181944,,,,,,,,,,,,,,,
0.006538765039294958,0.9961652755737305,0.9949069619178772,1.0,431.6666564941406,434.0,0.9966781139373779,0.00316084292717278,57,1275,,,,,,,,,,,,,,,,,,,,,,,
,,,,,,,,57,1275,0.0019177719950675964,0.9970616698265076,0.9966821074485779,1.0,433.0454406738281,434.5454406738281,0.9977452754974365,0.0019177719950675964,,,,,,,,,,,,,,,
0.013090930879116058,0.9891526699066162,0.9856811165809631,1.0,427.6666564941406,434.0,0.9966781139373779,0.00316084292717278,58,1297,,,,,,,,,,,,,,,,,,,,,,,
,,,,,,,,58,1297,0.0019710897468030453,0.9978721737861633,0.9976832866668701,0.9999015927314758,433.5454406738281,434.5454406738281,0.9978721737861633,0.0019177719950675964,,,,,,,,,,,,,,,
0.00785099621862173,0.9951396584510803,0.9935436248779297,1.0,431.0,434.0,0.9966781139373779,0.00316084292717278,59,1319,,,,,,,,,,,,,,,,,,,,,,,
,,,,,,,,59,1319,0.00234100129455328,0.9962448477745056,0.9957367181777954,1.0,432.6363525390625,434.5454406738281,0.9978721737861633,0.0019177719950675964,,,,,,,,,,,,,,,
0.005941252689808607,0.9956524968147278,0.994225263595581,1.0,431.3333435058594,434.0,0.9966781139373779,0.00316084292717278,60,1341,,,,,,,,,,,,,,,,,,,,,,,
,,,,,,,,60,1341,0.0018606766825541854,0.9975976347923279,0.9972848296165466,1.0,433.31817626953125,434.5454406738281,0.9978721737861633,0.0018606766825541854,,,,,,,,,,,,,,,
0.014407563023269176,0.9891526699066162,0.9856811165809631,1.0,427.6666564941406,434.0,0.9966781139373779,0.00316084292717278,61,1363,,,,,,,,,,,,,,,,,,,,,,,
,,,,,,,,61,1363,0.0021624278742820024,0.9976978898048401,0.9974848031997681,0.999899685382843,433.4545593261719,434.5454406738281,0.9978721737861633,0.0018606766825541854,,,,,,,,,,,,,,,
0.012194273062050343,0.9891526699066162,0.9856811165809631,1.0,427.6666564941406,434.0,0.9966781139373779,0.00316084292717278,62,1385,,,,,,,,,,,,,,,,,,,,,,,
,,,,,,,,62,1385,0.0036924497690051794,0.9955599308013916,0.9950851202011108,0.9998950362205505,432.3636474609375,434.5454406738281,0.9978721737861633,0.0018606766825541854,,,,,,,,,,,,,,,
0.0072332811541855335,0.9934258460998535,0.9914068579673767,1.0,430.3333435058594,434.0,0.9966781139373779,0.00316084292717278,63,1407,,,,,,,,,,,,,,,,,,,,,,,
,,,,,,,,63,1407,0.003641908522695303,0.9957918524742126,0.9953067302703857,0.9998015761375427,432.6363525390625,434.5454406738281,0.9978721737861633,0.0018606766825541854,,,,,,,,,,,,,,,
0.015653111040592194,0.9861500859260559,0.9816401600837708,1.0,425.6666564941406,434.0,0.9966781139373779,0.00316084292717278,64,1429,,,,,,,,,,,,,,,,,,,,,,,
,,,,,,,,64,1429,0.004375002812594175,0.9961233139038086,0.9957805275917053,0.999802827835083,432.8636474609375,434.5454406738281,0.9978721737861633,0.0018606766825541854,,,,,,,,,,,,,,,
0.011649318039417267,0.9910305142402649,0.988293468952179,1.0,429.0,434.0,0.9966781139373779,0.00316084292717278,65,1451,,,,,,,,,,,,,,,,,,,,,,,
,,,,,,,,65,1451,0.0028038520831614733,0.9961951971054077,0.9957861304283142,0.9998994469642639,432.68182373046875,434.5454406738281,0.9978721737861633,0.0018606766825541854,,,,,,,,,,,,,,,
0.008682279847562313,0.9934258460998535,0.9914068579673767,1.0,430.3333435058594,434.0,0.9966781139373779,0.00316084292717278,66,1473,,,,,,,,,,,,,,,,,,,,,,,
,,,,,,,,66,1473,0.0024213551077991724,0.9975308775901794,0.9972929358482361,0.9998959898948669,433.3636474609375,434.5454406738281,0.9978721737861633,0.0018606766825541854,,,,,,,,,,,,,,,
0.008019748143851757,0.9951396584510803,0.9935436248779297,1.0,431.0,434.0,0.9966781139373779,0.00316084292717278,67,1495,,,,,,,,,,,,,,,,,,,,,,,
,,,,,,,,67,1495,0.002010325202718377,0.9980018734931946,0.9977127313613892,1.0,433.5,434.5454406738281,0.9980018734931946,0.0018606766825541854,,,,,,,,,,,,,,,
0.004850852768868208,0.9966781139373779,0.9955886006355286,1.0,432.0,434.0,0.9966781139373779,0.00316084292717278,68,1517,,,,,,,,,,,,,,,,,,,,,,,
,,,,,,,,68,1517,0.0016371447127312422,0.998253583908081,0.9980068802833557,1.0,433.6363525390625,434.5454406738281,0.998253583908081,0.0016371447127312422,,,,,,,,,,,,,,,
0.006931571289896965,0.9961652755737305,0.9949069619178772,1.0,431.6666564941406,434.0,0.9966781139373779,0.00316084292717278,69,1539,,,,,,,,,,,,,,,,,,,,,,,
,,,,,,,,69,1539,0.002163698896765709,0.9977709054946899,0.9974241852760315,1.0,433.5,434.5454406738281,0.998253583908081,0.0016371447127312422,,,,,,,,,,,,,,,
0.007598742842674255,0.9951396584510803,0.9935436248779297,1.0,431.0,434.0,0.9966781139373779,0.00316084292717278,70,1561,,,,,,,,,,,,,,,,,,,,,,,
,,,,,,,,70,1561,0.001788148656487465,0.998248279094696,0.9979971051216125,1.0,433.6363525390625,434.5454406738281,0.998253583908081,0.0016371447127312422,,,,,,,,,,,,,,,
0.005478162784129381,0.9961652755737305,0.9949069619178772,1.0,431.6666564941406,434.0,0.9966781139373779,0.00316084292717278,71,1583,,,,,,,,,,,,,,,,,,,,,,,
,,,,,,,,71,1583,0.0015504324110224843,0.9982553720474243,0.9980075359344482,1.0,433.6363525390625,434.5454406738281,0.9982553720474243,0.0015504324110224843,,,,,,,,,,,,,,,
0.005568658467382193,0.9961652755737305,0.9949069619178772,1.0,431.6666564941406,434.0,0.9966781139373779,0.00316084292717278,72,1605,,,,,,,,,,,,,,,,,,,,,,,
,,,,,,,,72,1605,0.0018149749375879765,0.997916042804718,0.9977127313613892,0.9998994469642639,433.68182373046875,434.5454406738281,0.9982553720474243,0.0015504324110224843,,,,,,,,,,,,,,,
0.007595377042889595,0.9951396584510803,0.9935436248779297,1.0,431.0,434.0,0.9966781139373779,0.00316084292717278,73,1627,,,,,,,,,,,,,,,,,,,,,,,
,,,,,,,,73,1627,0.001821486628614366,0.998093843460083,0.9978265762329102,1.0,433.68182373046875,434.5454406738281,0.9982553720474243,0.0015504324110224843,,,,,,,,,,,,,,,
0.007287930231541395,0.9951396584510803,0.9935436248779297,1.0,431.0,434.0,0.9966781139373779,0.00316084292717278,74,1649,,,,,,,,,,,,,,,,,,,,,,,
,,,,,,,,74,1649,0.0015150679973885417,0.9983213543891907,0.9980981945991516,1.0,433.68182373046875,434.5454406738281,0.9983213543891907,0.0015150679973885417,,,,,,,,,,,,,,,
0.00627068430185318,0.9961652755737305,0.9949069619178772,1.0,431.6666564941406,434.0,0.9966781139373779,0.00316084292717278,75,1671,,,,,,,,,,,,,,,,,,,,,,,
,,,,,,,,75,1671,0.0019712960347533226,0.9975614547729492,0.9973289370536804,0.9999035000801086,433.5,434.5454406738281,0.9983213543891907,0.0015150679973885417,,,,,,,,,,,,,,,
0.006673163268715143,0.9961652755737305,0.9949069619178772,1.0,431.6666564941406,434.0,0.9966781139373779,0.00316084292717278,76,1693,,,,,,,,,,,,,,,,,,,,,,,
,,,,,,,,76,1693,0.0015444173477590084,0.9983408451080322,0.998104989528656,1.0,433.68182373046875,434.5454406738281,0.9983408451080322,0.0015150679973885417,,,,,,,,,,,,,,,
0.005828533321619034,0.9961652755737305,0.9949069619178772,1.0,431.6666564941406,434.0,0.9966781139373779,0.00316084292717278,77,1715,,,,,,,,,,,,,,,,,,,,,,,
,,,,,,,,77,1715,0.0015831872588023543,0.9984229803085327,0.9982019662857056,1.0,433.7272644042969,434.5454406738281,0.9984229803085327,0.0015150679973885417,,,,,,,,,,,,,,,
0.00663013057783246,0.9961652755737305,0.9949069619178772,1.0,431.6666564941406,434.0,0.9966781139373779,0.00316084292717278,78,1737,,,,,,,,,,,,,,,,,,,,,,,
,,,,,,,,78,1737,0.0017855123151093721,0.9981006383895874,0.99782395362854,1.0,433.68182373046875,434.5454406738281,0.9984229803085327,0.0015150679973885417,,,,,,,,,,,,,,,
0.005774358753114939,0.9961652755737305,0.9949069619178772,1.0,431.6666564941406,434.0,0.9966781139373779,0.00316084292717278,79,1759,,,,,,,,,,,,,,,,,,,,,,,
,,,,,,,,79,1759,0.001926204189658165,0.9975118041038513,0.9971954226493835,1.0,433.2727355957031,434.5454406738281,0.9984229803085327,0.0015150679973885417,,,,,,,,,,,,,,,
0.004752018954604864,0.9961652755737305,0.9949069619178772,1.0,431.6666564941406,434.0,0.9966781139373779,0.00316084292717278,80,1781,,,,,,,,,,,,,,,,,,,,,,,
,,,,,,,,80,1781,0.0015651569701731205,0.998151421546936,0.997891366481781,1.0,433.5909118652344,434.5454406738281,0.9984229803085327,0.0015150679973885417,,,,,,,,,,,,,,,
0.0063941325061023235,0.9951396584510803,0.9935436248779297,1.0,431.0,434.0,0.9966781139373779,0.00316084292717278,81,1803,,,,,,,,,,,,,,,,,,,,,,,
,,,,,,,,81,1803,0.0015140221221372485,0.9981269240379333,0.9978966116905212,1.0,433.5909118652344,434.5454406738281,0.9984229803085327,0.0015140221221372485,,,,,,,,,,,,,,,
0.00415005860850215,0.997534990310669,0.9966569542884827,1.0,432.3333435058594,434.0,0.997534990310669,0.00316084292717278,82,1825,,,,,,,,,,,,,,,,,,,,,,,
,,,,,,,,82,1825,0.0016603129915893078,0.9978649020195007,0.9975744485855103,1.0,433.5909118652344,434.5454406738281,0.9984229803085327,0.0015140221221372485,,,,,,,,,,,,,,,
0.006070960313081741,0.9951396584510803,0.9935436248779297,1.0,431.0,434.0,0.997534990310669,0.00316084292717278,83,1847,,,,,,,,,,,,,,,,,,,,,,,
,,,,,,,,83,1847,0.0016091573052108288,0.9981638193130493,0.9979121685028076,1.0,433.5909118652344,434.5454406738281,0.9984229803085327,0.0015140221221372485,,,,,,,,,,,,,,,
0.006316216196864843,0.9961652755737305,0.9949069619178772,1.0,431.6666564941406,434.0,0.997534990310669,0.00316084292717278,84,1869,,,,,,,,,,,,,,,,,,,,,,,
,,,,,,,,84,1869,0.0016113328747451305,0.9982452392578125,0.9979967474937439,1.0,433.6363525390625,434.5454406738281,0.9984229803085327,0.0015140221221372485,,,,,,,,,,,,,,,
0.004801653325557709,0.9970221519470215,0.9959753155708313,1.0,432.0,434.0,0.997534990310669,0.00316084292717278,85,1891,,,,,,,,,,,,,,,,,,,,,,,
,,,,,,,,85,1891,0.0016864259960129857,0.9979921579360962,0.9978036880493164,0.9998983144760132,433.5909118652344,434.5454406738281,0.9984229803085327,0.0015140221221372485,,,,,,,,,,,,,,,
0.006307320669293404,0.9951396584510803,0.9935436248779297,1.0,431.0,434.0,0.997534990310669,0.00316084292717278,86,1913,,,,,,,,,,,,,,,,,,,,,,,
,,,,,,,,86,1913,0.001646205666474998,0.9977739453315735,0.9974563121795654,1.0,433.5454406738281,434.5454406738281,0.9984229803085327,0.0015140221221372485,,,,,,,,,,,,,,,
0.005160769447684288,0.9956524968147278,0.994225263595581,1.0,431.3333435058594,434.0,0.997534990310669,0.00316084292717278,87,1935,,,,,,,,,,,,,,,,,,,,,,,
,,,,,,,,87,1935,0.0017925738357007504,0.9978219866752625,0.9976072311401367,0.9998987317085266,433.5,434.5454406738281,0.9984229803085327,0.0015140221221372485,,,,,,,,,,,,,,,
0.0103455213829875,0.9903287887573242,0.9871199131011963,1.0,428.0,434.0,0.997534990310669,0.00316084292717278,88,1957,,,,,,,,,,,,,,,,,,,,,,,
,,,,,,,,88,1957,0.0019164442783221602,0.9975293874740601,0.9971782565116882,1.0,433.2727355957031,434.5454406738281,0.9984229803085327,0.0015140221221372485,,,,,,,,,,,,,,,
0.005985921248793602,0.9951396584510803,0.9935436248779297,1.0,431.0,434.0,0.997534990310669,0.00316084292717278,89,1979,,,,,,,,,,,,,,,,,,,,,,,
,,,,,,,,89,1979,0.001459872699342668,0.9978474974632263,0.9975804686546326,1.0,433.4545593261719,434.5454406738281,0.9984229803085327,0.001459872699342668,,,,,,,,,,,,,,,
0.006566223222762346,0.9951396584510803,0.9935436248779297,1.0,431.0,434.0,0.997534990310669,0.00316084292717278,90,2001,,,,,,,,,,,,,,,,,,,,,,,
,,,,,,,,90,2001,0.001665066578425467,0.9978936910629272,0.9976017475128174,1.0,433.5909118652344,434.5454406738281,0.9984229803085327,0.001459872699342668,,,,,,,,,,,,,,,
0.011347822844982147,0.9884710907936096,0.9847044944763184,1.0,427.0,434.0,0.997534990310669,0.00316084292717278,91,2023,,,,,,,,,,,,,,,,,,,,,,,
,,,,,,,,91,2023,0.0015546128852292895,0.9979404211044312,0.9977772235870361,0.999903678894043,433.5909118652344,434.5454406738281,0.9984229803085327,0.001459872699342668,,,,,,,,,,,,,,,
0.009533570148050785,0.9909360408782959,0.9880475401878357,1.0,428.6666564941406,434.0,0.997534990310669,0.00316084292717278,92,2045,,,,,,,,,,,,,,,,,,,,,,,
,,,,,,,,92,2045,0.0023130932822823524,0.9969666004180908,0.9966209530830383,0.9998998641967773,433.18182373046875,434.5454406738281,0.9984229803085327,0.001459872699342668,,,,,,,,,,,,,,,
0.005040917079895735,0.9946268200874329,0.9928619861602783,1.0,430.6666564941406,434.0,0.997534990310669,0.00316084292717278,93,2067,,,,,,,,,,,,,,,,,,,,,,,
,,,,,,,,93,2067,0.001469341921620071,0.9976938366889954,0.9973946213722229,1.0,433.3636474609375,434.5454406738281,0.9984229803085327,0.001459872699342668,,,,,,,,,,,,,,,
0.0036423078272491693,0.9970221519470215,0.9959753155708313,1.0,432.0,434.0,0.997534990310669,0.00316084292717278,94,2089,,,,,,,,,,,,,,,,,,,,,,,
,,,,,,,,94,2089,0.001539707649499178,0.9981392025947571,0.9978452920913696,1.0,433.68182373046875,434.5454406738281,0.9984229803085327,0.001459872699342668,,,,,,,,,,,,,,,
0.004201707895845175,0.9970221519470215,0.9959753155708313,1.0,432.0,434.0,0.997534990310669,0.00316084292717278,95,2111,,,,,,,,,,,,,,,,,,,,,,,
,,,,,,,,95,2111,0.0011654088739305735,0.9984190464019775,0.9981871247291565,1.0,433.7272644042969,434.5454406738281,0.9984229803085327,0.0011654088739305735,,,,,,,,,,,,,,,
0.0037164296954870224,0.9970221519470215,0.9959753155708313,1.0,432.0,434.0,0.997534990310669,0.00316084292717278,96,2133,,,,,,,,,,,,,,,,,,,,,,,
,,,,,,,,96,2133,0.001104980823583901,0.9984052777290344,0.9981918931007385,1.0,433.7272644042969,434.5454406738281,0.9984229803085327,0.001104980823583901,,,,,,,,,,,,,,,
0.0034774253144860268,0.9970221519470215,0.9959753155708313,1.0,432.0,434.0,0.997534990310669,0.00316084292717278,97,2155,,,,,,,,,,,,,,,,,,,,,,,
,,,,,,,,97,2155,0.0012048953212797642,0.9982469081878662,0.998007595539093,1.0,433.7727355957031,434.5454406738281,0.9984229803085327,0.001104980823583901,,,,,,,,,,,,,,,
0.003786049783229828,0.9970221519470215,0.9959753155708313,1.0,432.0,434.0,0.997534990310669,0.00316084292717278,98,2177,,,,,,,,,,,,,,,,,,,,,,,
,,,,,,,,98,2177,0.000990217668004334,0.9984263777732849,0.9982105493545532,1.0,433.7272644042969,434.5454406738281,0.9984263777732849,0.000990217668004334,,,,,,,,,,,,,,,
0.003598973387852311,0.9970221519470215,0.9959753155708313,1.0,432.0,434.0,0.997534990310669,0.00316084292717278,99,2199,,,,,,,,,,,,,,,,,,,,,,,
,,,,,,,,99,2199,0.001013588858768344,0.9983168244361877,0.998093843460083,1.0,433.68182373046875,434.5454406738281,0.9984263777732849,0.000990217668004334,,,,,,,,,,,,,,,
0.005210327450186014,0.9961652755737305,0.9949069619178772,1.0,431.6666564941406,434.0,0.997534990310669,0.00316084292717278,100,2221,,,,,,,,,,,,,,,,,,,,,,,
,,,,,,,,100,2221,0.0008695151773281395,0.9984773397445679,0.9982957243919373,1.0,433.7727355957031,434.5454406738281,0.9984773397445679,0.0008695151773281395,,,,,,,,,,,,,,,
0.00434014992788434,0.9970221519470215,0.9959753155708313,1.0,432.0,434.0,0.997534990310669,0.00316084292717278,101,2243,,,,,,,,,,,,,,,,,,,,,,,
,,,,,,,,101,2243,0.0010521500371396542,0.9982658624649048,0.998003363609314,1.0,433.6363525390625,434.5454406738281,0.9984773397445679,0.0008695151773281395,,,,,,,,,,,,,,,
0.005253584589809179,0.9961652755737305,0.9949069619178772,1.0,431.6666564941406,434.0,0.997534990310669,0.00316084292717278,102,2265,,,,,,,,,,,,,,,,,,,,,,,
,,,,,,,,102,2265,0.0006643343367613852,0.9986416101455688,0.9984838962554932,1.0,433.8636474609375,434.5454406738281,0.9986416101455688,0.0006643343367613852,,,,,,,,,,,,,,,
0.0027099372819066048,0.997534990310669,0.9966569542884827,1.0,432.3333435058594,434.0,0.997534990310669,0.0027099372819066048,103,2287,,,,,,,,,,,,,,,,,,,,,,,
,,,,,,,,103,2287,0.0010459284530952573,0.9982445240020752,0.9979925751686096,1.0,433.7727355957031,434.5454406738281,0.9986416101455688,0.0006643343367613852,,,,,,,,,,,,,,,
0.001668646582402289,0.997534990310669,0.9966569542884827,1.0,432.3333435058594,434.0,0.997534990310669,0.001668646582402289,104,2309,,,,,,,,,,,,,,,,,,,,,,,
,,,,,,,,104,2309,0.0007688133628107607,0.9989431500434875,0.9987928867340088,1.0,434.0,434.5454406738281,0.9989431500434875,0.0006643343367613852,,,,,,,,,,,,,,,
0.00037004053592681885,0.9985358715057373,0.9980039596557617,1.0,433.0,434.0,0.9985358715057373,0.00037004053592681885,105,2331,,,,,,,,,,,,,,,,,,,,,,,
,,,,,,,,105,2331,0.000558774801902473,0.9989105463027954,0.9987850189208984,1.0,434.0,434.5454406738281,0.9989431500434875,0.000558774801902473,,,,,,,,,,,,,,,
0.000624243461061269,0.9980478286743164,0.997338593006134,1.0,432.6666564941406,434.0,0.9985358715057373,0.00037004053592681885,106,2353,,,,,,,,,,,,,,,,,,,,,,,
,,,,,,,,106,2353,0.0012453048257157207,0.9978973865509033,0.9976000189781189,1.0,433.4545593261719,434.5454406738281,0.9989431500434875,0.000558774801902473,,,,,,,,,,,,,,,
0.02501821331679821,0.9881269931793213,0.9843178391456604,1.0,427.0,434.0,0.9985358715057373,0.00037004053592681885,107,2375,,,,,,,,,,,,,,,,,,,,,,,
,,,,,,,,107,2375,0.011459734290838242,0.9865639209747314,0.9857192635536194,0.9992126226425171,428.5454406738281,434.5454406738281,0.9989431500434875,0.000558774801902473,,,,,,,,,,,,,,,
0.030869850888848305,0.9609600901603699,0.9484767913818359,1.0,411.0,434.0,0.9985358715057373,0.00037004053592681885,108,2397,,,,,,,,,,,,,,,,,,,,,,,
,,,,,,,,108,2397,0.006548525765538216,0.9900491833686829,0.9890117645263672,0.9997034668922424,429.8636474609375,434.5454406738281,0.9989431500434875,0.000558774801902473,,,,,,,,,,,,,,,
0.015156094916164875,0.9876141548156738,0.9836361408233643,1.0,426.6666564941406,434.0,0.9985358715057373,0.00037004053592681885,109,2419,,,,,,,,,,,,,,,,,,,,,,,
,,,,,,,,109,2419,0.004448513966053724,0.9917662143707275,0.9908104538917542,0.9998016953468323,430.7727355957031,434.5454406738281,0.9989431500434875,0.000558774801902473,,,,,,,,,,,,,,,
0.009865767322480679,0.9876141548156738,0.9836361408233643,1.0,426.6666564941406,434.0,0.9985358715057373,0.00037004053592681885,110,2441,,,,,,,,,,,,,,,,,,,,,,,
,,,,,,,,110,2441,0.002668565372005105,0.9959412217140198,0.9957742691040039,0.9995989203453064,432.81817626953125,434.5454406738281,0.9989431500434875,0.000558774801902473,,,,,,,,,,,,,,,
0.011769495904445648,0.9871261715888977,0.9829707741737366,1.0,426.3333435058594,434.0,0.9985358715057373,0.00037004053592681885,111,2463,,,,,,,,,,,,,,,,,,,,,,,
,,,,,,,,111,2463,0.001976469298824668,0.9956519603729248,0.9952804446220398,0.9997999668121338,432.5,434.5454406738281,0.9989431500434875,0.000558774801902473,,,,,,,,,,,,,,,
0.014632761478424072,0.9876141548156738,0.9836361408233643,1.0,426.6666564941406,434.0,0.9985358715057373,0.00037004053592681885,112,2485,,,,,,,,,,,,,,,,,,,,,,,
,,,,,,,,112,2485,0.002600344829261303,0.9952905774116516,0.9947112798690796,0.9998985528945923,432.4545593261719,434.5454406738281,0.9989431500434875,0.000558774801902473,,,,,,,,,,,,,,,
0.01165918167680502,0.9885902404785156,0.9849668145179749,1.0,427.3333435058594,434.0,0.9985358715057373,0.00037004053592681885,113,2507,,,,,,,,,,,,,,,,,,,,,,,
,,,,,,,,113,2507,0.002028430113568902,0.9964626431465149,0.995919406414032,1.0,432.68182373046875,434.5454406738281,0.9989431500434875,0.000558774801902473,,,,,,,,,,,,,,,
0.017680959776043892,0.9876141548156738,0.9836361408233643,1.0,426.6666564941406,434.0,0.9985358715057373,0.00037004053592681885,114,2529,,,,,,,,,,,,,,,,,,,,,,,
,,,,,,,,114,2529,0.0013057789765298367,0.9978034496307373,0.9974833130836487,1.0,433.4090881347656,434.5454406738281,0.9989431500434875,0.000558774801902473,,,,,,,,,,,,,,,
0.009034967981278896,0.992056131362915,0.9896568655967712,1.0,429.6666564941406,434.0,0.9985358715057373,0.00037004053592681885,115,2551,,,,,,,,,,,,,,,,,,,,,,,
,,,,,,,,115,2551,0.0016240853583440185,0.9972166419029236,0.9968076944351196,1.0,433.2272644042969,434.5454406738281,0.9989431500434875,0.000558774801902473,,,,,,,,,,,,,,,
0.006314027588814497,0.9954836964607239,0.9939303398132324,1.0,431.0,434.0,0.9985358715057373,0.00037004053592681885,116,2573,,,,,,,,,,,,,,,,,,,,,,,
,,,,,,,,116,2573,0.0011118125403299928,0.9982513189315796,0.9980152249336243,1.0,433.7727355957031,434.5454406738281,0.9989431500434875,0.000558774801902473,,,,,,,,,,,,,,,
0.003836582414805889,0.9954836964607239,0.9939303398132324,1.0,431.0,434.0,0.9985358715057373,0.00037004053592681885,117,2595,,,,,,,,,,,,,,,,,,,,,,,
,,,,,,,,117,2595,0.0007523635285906494,0.9986048340797424,0.9984153509140015,1.0,433.81817626953125,434.5454406738281,0.9989431500434875,0.000558774801902473,,,,,,,,,,,,,,,
0.005540860816836357,0.9954836964607239,0.9939303398132324,1.0,431.0,434.0,0.9985358715057373,0.00037004053592681885,118,2617,,,,,,,,,,,,,,,,,,,,,,,
,,,,,,,,118,2617,0.0006081652827560902,0.9987598061561584,0.9985933303833008,1.0,433.9090881347656,434.5454406738281,0.9989431500434875,0.000558774801902473,,,,,,,,,,,,,,,
0.005827430635690689,0.9935563206672668,0.9912853240966797,1.0,429.6666564941406,434.0,0.9985358715057373,0.00037004053592681885,119,2639,,,,,,,,,,,,,,,,,,,,,,,
,,,,,,,,119,2639,0.0015305965207517147,0.9978923797607422,0.9976853728294373,0.9998996257781982,433.5454406738281,434.5454406738281,0.9989431500434875,0.000558774801902473,,,,,,,,,,,,,,,
0.005758607294410467,0.994138777256012,0.9921966195106506,1.0,430.3333435058594,434.0,0.9985358715057373,0.00037004053592681885,120,2661,,,,,,,,,,,,,,,,,,,,,,,
,,,,,,,,120,2661,0.000955931784119457,0.9986988306045532,0.9985082745552063,1.0,433.8636474609375,434.5454406738281,0.9989431500434875,0.000558774801902473,,,,,,,,,,,,,,,
0.020333440974354744,0.9876141548156738,0.9836361408233643,1.0,426.6666564941406,434.0,0.9985358715057373,0.00037004053592681885,121,2683,,,,,,,,,,,,,,,,,,,,,,,
,,,,,,,,121,2683,0.0018808025633916259,0.9961798191070557,0.9956122040748596,1.0,432.68182373046875,434.5454406738281,0.9989431500434875,0.000558774801902473,,,,,,,,,,,,,,,
0.003586960257962346,0.9925689697265625,0.9903385043144226,1.0,430.0,434.0,0.9985358715057373,0.00037004053592681885,122,2705,,,,,,,,,,,,,,,,,,,,,,,
,,,,,,,,122,2705,0.002130330540239811,0.9971597194671631,0.996882975101471,0.9999024868011475,433.18182373046875,434.5454406738281,0.9989431500434875,0.000558774801902473,,,,,,,,,,,,,,,
0.003918809816241264,0.9947956204414368,0.993156909942627,1.0,431.0,434.0,0.9985358715057373,0.00037004053592681885,123,2727,,,,,,,,,,,,,,,,,,,,,,,
,,,,,,,,123,2727,0.0010370579548180103,0.9984962344169617,0.9983928203582764,0.9998994469642639,433.8636474609375,434.5454406738281,0.9989431500434875,0.000558774801902473,,,,,,,,,,,,,,,
0.002204484073445201,0.9970221519470215,0.9959753155708313,1.0,432.0,434.0,0.9985358715057373,0.00037004053592681885,124,2749,,,,,,,,,,,,,,,,,,,,,,,
,,,,,,,,124,2749,0.0009629993000999093,0.9981359839439392,0.9978899359703064,1.0,433.5909118652344,434.5454406738281,0.9989431500434875,0.000558774801902473,,,,,,,,,,,,,,,
0.005198378581553698,0.9956524968147278,0.994225263595581,1.0,431.3333435058594,434.0,0.9985358715057373,0.00037004053592681885,125,2771,,,,,,,,,,,,,,,,,,,,,,,
,,,,,,,,125,2771,0.0007259494159370661,0.9986822009086609,0.9984972476959229,1.0,433.8636474609375,434.5454406738281,0.9989431500434875,0.000558774801902473,,,,,,,,,,,,,,,
0.006605133414268494,0.9956524968147278,0.994225263595581,1.0,431.3333435058594,434.0,0.9985358715057373,0.00037004053592681885,126,2793,,,,,,,,,,,,,,,,,,,,,,,
,,,,,,,,126,2793,0.0010047444375231862,0.9985936880111694,0.9984962940216064,0.9998966455459595,433.9090881347656,434.5454406738281,0.9989431500434875,0.000558774801902473,,,,,,,,,,,,,,,
0.005106037948280573,0.9965093731880188,0.9952936172485352,1.0,431.6666564941406,434.0,0.9985358715057373,0.00037004053592681885,127,2815,,,,,,,,,,,,,,,,,,,,,,,
,,,,,,,,127,2815,0.0007568685687147081,0.9991042613983154,0.9990865588188171,0.9998983144760132,434.18182373046875,434.5454406738281,0.9991042613983154,0.000558774801902473,,,,,,,,,,,,,,,
0.001040610601194203,0.997534990310669,0.9966569542884827,1.0,432.3333435058594,434.0,0.9985358715057373,0.00037004053592681885,128,2837,,,,,,,,,,,,,,,,,,,,,,,
,,,,,,,,128,2837,0.0007832076516933739,0.9983742237091064,0.998173177242279,1.0,433.7272644042969,434.5454406738281,0.9991042613983154,0.000558774801902473,,,,,,,,,,,,,,,
0.0024252741131931543,0.9970221519470215,0.9959753155708313,1.0,432.0,434.0,0.9985358715057373,0.00037004053592681885,129,2859,,,,,,,,,,,,,,,,,,,,,,,
,,,,,,,,129,2859,0.0008385404944419861,0.9987565875053406,0.9986908435821533,0.9999005794525146,434.0,434.5454406738281,0.9991042613983154,0.000558774801902473,,,,,,,,,,,,,,,
0.0030276125762611628,0.997534990310669,0.9966569542884827,1.0,432.3333435058594,434.0,0.9985358715057373,0.00037004053592681885,130,2881,,,,,,,,,,,,,,,,,,,,,,,
,,,,,,,,130,2881,0.0003860093711409718,0.9989814162254333,0.998870849609375,1.0,434.0454406738281,434.5454406738281,0.9991042613983154,0.0003860093711409718,,,,,,,,,,,,,,,
0.0018009479390457273,0.997534990310669,0.9966569542884827,1.0,432.3333435058594,434.0,0.9985358715057373,0.00037004053592681885,131,2903,,,,,,,,,,,,,,,,,,,,,,,
,,,,,,,,131,2903,0.0008274808060377836,0.9989506006240845,0.9988988637924194,0.9998996257781982,434.0909118652344,434.5454406738281,0.9991042613983154,0.0003860093711409718,,,,,,,,,,,,,,,
0.008517862297594547,0.992056131362915,0.9896568655967712,1.0,429.6666564941406,434.0,0.9985358715057373,0.00037004053592681885,132,2925,,,,,,,,,,,,,,,,,,,,,,,
,,,,,,,,132,2925,0.0021726067643612623,0.9960113167762756,0.9957334399223328,0.9998952746391296,433.0909118652344,434.5454406738281,0.9991042613983154,0.0003860093711409718,,,,,,,,,,,,,,,
0.012858475558459759,0.9925058484077454,0.9899056553840637,1.0,429.0,434.0,0.9985358715057373,0.00037004053592681885,133,2947,,,,,,,,,,,,,,,,,,,,,,,
,,,,,,,,133,2947,0.0010189537424594164,0.9981980919837952,0.9980743527412415,0.9998945593833923,433.7272644042969,434.5454406738281,0.9991042613983154,0.0003860093711409718,,,,,,,,,,,,,,,
0.011832385323941708,0.9900791645050049,0.9869791865348816,1.0,428.3333435058594,434.0,0.9985358715057373,0.00037004053592681885,134,2969,,,,,,,,,,,,,,,,,,,,,,,
,,,,,,,,134,2969,0.0011901484103873372,0.9983243942260742,0.998090922832489,1.0,433.68182373046875,434.5454406738281,0.9991042613983154,0.0003860093711409718,,,,,,,,,,,,,,,
0.012395563535392284,0.9908168911933899,0.987785279750824,1.0,428.3333435058594,434.0,0.9985358715057373,0.00037004053592681885,135,2991,,,,,,,,,,,,,,,,,,,,,,,
,,,,,,,,135,2991,0.0008783115190453827,0.9985954761505127,0.9985029101371765,0.9998989701271057,433.9090881347656,434.5454406738281,0.9991042613983154,0.0003860093711409718,,,,,,,,,,,,,,,
0.012506150640547276,0.9930186867713928,0.9905872941017151,1.0,429.3333435058594,434.0,0.9985358715057373,0.00037004053592681885,136,3013,,,,,,,,,,,,,,,,,,,,,,,
,,,,,,,,136,3013,0.0011229091323912144,0.9984158873558044,0.9981971383094788,1.0,433.8636474609375,434.5454406738281,0.9991042613983154,0.0003860093711409718,,,,,,,,,,,,,,,
0.00686617149040103,0.9954836964607239,0.9939303398132324,1.0,431.0,434.0,0.9985358715057373,0.00037004053592681885,137,3035,,,,,,,,,,,,,,,,,,,,,,,
,,,,,,,,137,3035,0.0005029914900660515,0.998939573764801,0.9987962245941162,1.0,434.0,434.5454406738281,0.9991042613983154,0.0003860093711409718,,,,,,,,,,,,,,,
0.008281094953417778,0.9954836964607239,0.9939303398132324,1.0,431.0,434.0,0.9985358715057373,0.00037004053592681885,138,3057,,,,,,,,,,,,,,,,,,,,,,,
,,,,,,,,138,3057,0.0005464963032864034,0.9994045495986938,0.9993113875389099,1.0,434.2272644042969,434.5454406738281,0.9994045495986938,0.0003860093711409718,,,,,,,,,,,,,,,
0.010661590844392776,0.9954836964607239,0.9939303398132324,1.0,431.0,434.0,0.9985358715057373,0.00037004053592681885,139,3079,,,,,,,,,,,,,,,,,,,,,,,
,,,,,,,,139,3079,0.00028622549143619835,0.9994886517524719,0.9994059205055237,1.0,434.2727355957031,434.5454406738281,0.9994886517524719,0.00028622549143619835,,,,,,,,,,,,,,,
0.0057572596706449986,0.9959965348243713,0.9946119785308838,1.0,431.3333435058594,434.0,0.9985358715057373,0.00037004053592681885,140,3101,,,,,,,,,,,,,,,,,,,,,,,
,,,,,,,,140,3101,0.0005798089550808072,0.9985870122909546,0.9985126256942749,0.9998985528945923,434.0454406738281,434.5454406738281,0.9994886517524719,0.00028622549143619835,,,,,,,,,,,,,,,
0.007303947117179632,0.9954836964607239,0.9939303398132324,1.0,431.0,434.0,0.9985358715057373,0.00037004053592681885,141,3123,,,,,,,,,,,,,,,,,,,,,,,
,,,,,,,,141,3123,0.0004060823703184724,0.9994687438011169,0.9993993639945984,1.0,434.2727355957031,434.5454406738281,0.9994886517524719,0.00028622549143619835,,,,,,,,,,,,,,,
0.008669757284224033,0.9954836964607239,0.9939303398132324,1.0,431.0,434.0,0.9985358715057373,0.00037004053592681885,142,3145,,,,,,,,,,,,,,,,,,,,,,,
,,,,,,,,142,3145,0.0002270137338200584,0.9996389150619507,0.9995882511138916,1.0,434.3636474609375,434.5454406738281,0.9996389150619507,0.0002270137338200584,,,,,,,,,,,,,,,
0.006541149690747261,0.9965093731880188,0.9952936172485352,1.0,431.6666564941406,434.0,0.9985358715057373,0.00037004053592681885,143,3167,,,,,,,,,,,,,,,,,,,,,,,
,,,,,,,,143,3167,0.00019212182087358087,0.9993684887886047,0.9992942810058594,1.0,434.2272644042969,434.5454406738281,0.9996389150619507,0.00019212182087358087,,,,,,,,,,,,,,,
0.03091062605381012,0.9884710907936096,0.9847044944763184,1.0,427.0,434.0,0.9985358715057373,0.00037004053592681885,144,3189,,,,,,,,,,,,,,,,,,,,,,,
,,,,,,,,144,3189,0.0001185539222205989,0.9997222423553467,0.9996942281723022,1.0,434.4090881347656,434.5454406738281,0.9997222423553467,0.0001185539222205989,,,,,,,,,,,,,,,
0.02133193612098694,0.9910418391227722,0.9879096150398254,1.0,428.0,434.0,0.9985358715057373,0.00037004053592681885,145,3211,,,,,,,,,,,,,,,,,,,,,,,
,,,,,,,,145,3211,0.0003957345907110721,0.9994615912437439,0.9993974566459656,1.0,434.2727355957031,434.5454406738281,0.9997222423553467,0.0001185539222205989,,,,,,,,,,,,,,,
0.012106910347938538,0.9940195679664612,0.9919342994689941,1.0,430.0,434.0,0.9985358715057373,0.00037004053592681885,146,3233,,,,,,,,,,,,,,,,,,,,,,,
,,,,,,,,146,3233,0.00024059871793724597,0.9995357990264893,0.999484658241272,1.0,434.31817626953125,434.5454406738281,0.9997222423553467,0.0001185539222205989,,,,,,,,,,,,,,,
0.012014246545732021,0.9940195679664612,0.9919342994689941,1.0,430.0,434.0,0.9985358715057373,0.00037004053592681885,147,3255,,,,,,,,,,,,,,,,,,,,,,,
,,,,,,,,147,3255,5.560487261391245e-05,0.9998994469642639,0.999890923500061,1.0,434.5,434.5454406738281,0.9998994469642639,5.560487261391245e-05,,,,,,,,,,,,,,,
0.008081991225481033,0.9959965348243713,0.9946119785308838,1.0,431.3333435058594,434.0,0.9985358715057373,0.00037004053592681885,148,3277,,,,,,,,,,,,,,,,,,,,,,,
,,,,,,,,148,3277,0.000181617695488967,0.9998323321342468,0.9997979998588562,1.0,434.4545593261719,434.5454406738281,0.9998994469642639,5.560487261391245e-05,,,,,,,,,,,,,,,
0.014340832829475403,0.9954836964607239,0.9939303398132324,1.0,431.0,434.0,0.9985358715057373,0.00037004053592681885,149,3299,,,,,,,,,,,,,,,,,,,,,,,
,,,,,,,,149,3299,0.0002501529816072434,0.9992944598197937,0.9992977380752563,0.9999014139175415,434.4090881347656,434.5454406738281,0.9998994469642639,5.560487261391245e-05,,,,,,,,,,,,,,,
0.012867793440818787,0.9954836964607239,0.9939303398132324,1.0,431.0,434.0,0.9985358715057373,0.00037004053592681885,150,3321,,,,,,,,,,,,,,,,,,,,,,,
,,,,,,,,150,3321,0.0010683003347367048,0.9983915090560913,0.9983810782432556,0.9998053908348083,433.9090881347656,434.5454406738281,0.9998994469642639,5.560487261391245e-05,,,,,,,,,,,,,,,
0.003517929697409272,0.9965093731880188,0.9952936172485352,1.0,431.6666564941406,434.0,0.9985358715057373,0.00037004053592681885,151,3343,,,,,,,,,,,,,,,,,,,,,,,
,,,,,,,,151,3343,0.001818247837945819,0.9967992305755615,0.9965012073516846,0.9997993111610413,433.0454406738281,434.5454406738281,0.9998994469642639,5.560487261391245e-05,,,,,,,,,,,,,,,
0.013826537877321243,0.992056131362915,0.9896568655967712,1.0,429.6666564941406,434.0,0.9985358715057373,0.00037004053592681885,152,3365,,,,,,,,,,,,,,,,,,,,,,,
,,,,,,,,152,3365,0.0020999396219849586,0.9979661703109741,0.9979022741317749,0.9997940063476562,433.68182373046875,434.5454406738281,0.9998994469642639,5.560487261391245e-05,,,,,,,,,,,,,,,
0.007161495741456747,0.9935067296028137,0.9912526607513428,1.0,429.6666564941406,434.0,0.9985358715057373,0.00037004053592681885,153,3387,,,,,,,,,,,,,,,,,,,,,,,
,,,,,,,,153,3387,0.001243943814188242,0.998049795627594,0.9978916645050049,0.9998922944068909,433.6363525390625,434.5454406738281,0.9998994469642639,5.560487261391245e-05,,,,,,,,,,,,,,,
0.008318553678691387,0.9954836964607239,0.9939303398132324,1.0,431.0,434.0,0.9985358715057373,0.00037004053592681885,154,3409,,,,,,,,,,,,,,,,,,,,,,,
,,,,,,,,154,3409,0.0008653121185488999,0.998760998249054,0.9986960887908936,0.9999024868011475,434.0,434.5454406738281,0.9998994469642639,5.560487261391245e-05,,,,,,,,,,,,,,,
0.00848423782736063,0.9954836964607239,0.9939303398132324,1.0,431.0,434.0,0.9985358715057373,0.00037004053592681885,155,3431,,,,,,,,,,,,,,,,,,,,,,,
,,,,,,,,155,3431,0.0005776589387096465,0.9985273480415344,0.9984707236289978,0.9999009966850281,433.9090881347656,434.5454406738281,0.9998994469642639,5.560487261391245e-05,,,,,,,,,,,,,,,
,,,,,,,,155,3432,,,,,,,,,0.00037004053592681885,0.9985358715057373,0.9980039596557617,1.0,433.0,434.0,1299.0,0.0,420.0,3.0,0.9982578158378601,0.9976958632469177,1.0,1299.0,1302.0
